Time (s),Linear Acceleration x (m/s^2),Linear Acceleration y (m/s^2),Linear Acceleration z (m/s^2),Absolute acceleration (m/s^2)
"0,0218559166","0,1995852777","0,1267997219","-0,01133950531","0,2367298818"
"0,03180991649","0,2225493401","0,1172628401","-0,07001572967","0,2611148882"
"0,0417629166","0,1229138086","0,1644962096","-0,0178708452","0,2061217466"
"0,0517169165","0,006229769737","0,265075701","0,03365891218","0,2672767473"
"0,06167091662","-0,02007736512","0,3292262348","0,1133395046","0,3487676269"
"0,07162491651","-0,04721940927","0,3672307976","0,1326627982","0,3933033808"
"0,08157791663","-0,03035764731","0,3856778128","0,0652987808","0,3923428257"
"0,09153191652","-0,04159263365","0,3331915972","0,002348826528","0,3357858016"
"0,1014859166","0,06250563897","0,2836614414","-0,07668214023","0,300417907"
"0,1114399165","0,1591921272","0,2476338221","-0,1294403976","0,3215889609"
"0,1213939167","0,1129007442","0,2776140317","-0,02630428433","0,3008455484"
"0,1313469165","0,2208937009","0,2801957966","0,1755831152","0,3976595804"
"0,1413009164","0,1432692088","0,3003632089","0,4472389072","0,557464585"
"0,1512549166","0,05159721963","0,3110898529","0,4421886671","0,5431113946"
"0,1612089165","0,1604398499","0,2491809223","0,1277447051","0,3227240108"
"0,1711619166","0,1668343284","0,2221091909","-0,0688696754","0,2861978651"
"0,1811159165","-0,02140855685","0,2844546892","-0,1013269848","0,3027209183"
"0,1910699166","0,007204902582","0,2602393958","-0,1417464477","0,2964262289"
"0,2010239165","0,161368132","0,1780222812","-0,1941684902","0,3089223352"
"0,2109769166","0,2025848627","0,2137956197","-0,09616330862","0,3098331414"
"0,2209309165","0,07643202558","0,2461749418","0,1073320752","0,2792205775"
"0,2308849166","0,1193699208","0,2421044757","0,1142996174","0,2931350503"
"0,2408389165","0,183182851","0,2040601518","-0,0208967793","0,2750148684"
"0,2507919166","0,1831336248","0,1951244368","-0,0009963655472","0,2676050506"
"0,2607459165","-0,004015136808","0,08955522403","0,02364321649","0,09271063133"
"0,2706999166","0,1682873615","0,2387561408","-0,09256785572","0,3064211786"
"0,2806539165","0,1447891925","0,2672630712","-0,1860461229","0,3563798807"
"0,2906079167","0,03669500582","0,244462","-0,1269839823","0,2779084825"
"0,3005609165","0,03456523061","0,2818583793","-0,1811034715","0,3368046445"
"0,3105149167","0,1322451608","0,2514233295","-0,3252256429","0,4318265763"
"0,3204689166","0,1580940201","0,2167184966","-0,3231188911","0,4199600502"
"0,3304229164","0,04855169736","0,2425561731","-0,1540279394","0,2914024203"
"0,3403759166","0,02952854868","0,2682372905","-0,06777566135","0,2782386017"
"0,3503299165","0,07678223725","0,2345288962","-0,05248168409","0,2522967346"
"0,3602839166","0,03368939079","0,2652300674","0,03319698215","0,2694141855"
"0,3702379165","-0,01818202671","0,3578568339","0,1132196367","0,375780236"
"0,3801909166","0,01887868591","0,2991863836","0,1053966469","0,3177693347"
"0,3901449165","0,1256143451","0,1991410355","-0,001334919333","0,2354525381"
"0,4000989166","0,09853592601","0,245252105","-0,07586353004","0,2749785426"
"0,4100529165","0,0285566318","0,3190348303","-0,1200070846","0,3420532188"
"0,4200059166","0,02263142891","0,3228657067","-0,1771659565","0,368974555"
"0,4299599165","-0,03203883145","0,2747776204","-0,1642178822","0,3217090926"
"0,4399139166","-0,01012266319","0,3346672882","-0,03813378632","0,336984937"
"0,4498679165","0,03615176294","0,3689842314","0,01336088777","0,3709916796"
"0,4598219167","-0,0008347996697","0,3249195412","-0,04933822095","0,3286451965"
"0,4697749165","0,07048069295","0,3011409616","-0,03815600574","0,3116236314"
"0,4797289167","0,1052575379","0,3231786789","0,01066415191","0,3400548955"
"0,4896829166","0,06055106096","0,2547031789","-0,02875017464","0,2633756118"
"0,4996369164","0,09099996138","0,1975378751","-0,1054744148","0,2417168948"
"0,5095899166","0,05777264681","0,258261502","-0,1544863611","0,3064355037"
"0,5195439165","0,02797878072","0,3159446499","-0,2040672415","0,3771568282"
"0,5294979166","0,07627331022","0,2890312319","-0,1502570701","0,3345651774"
"0,5394519165","0,1343086066","0,2872146847","-0,07844624519","0,3266265303"
"0,5494049166","0,07519163014","0,2329932347","0,02352744162","0,2459535915"
"0,5593589165","0,07153936788","0,2681599245","0,1056317049","0,2969607438"
"0,5693129166","0,08751617203","0,2777821757","0,03672636151","0,2935487065"
"0,5792669165","0,1313856749","0,200971214","-0,08774331808","0,2556374665"
"0,5892199166","0,1692809679","0,1821103621","-0,1891966027","0,3124349285"
"0,5991739165","0,1201678282","0,1964954262","-0,1860601562","0,2960897519"
"0,6091279166","0,1351026585","0,1637258024","-0,1797954494","0,2781820813"
"0,6190819165","0,1805543449","0,1335142259","-0,1748703396","0,2846147495"
"0,6290349166","0,1372655436","0,1682094108","-0,1276096344","0,2518341799"
"0,6389889165","0,1078989263","0,1787278574","-0,1276751232","0,2447177198"
"0,6489429167","0,1324672819","0,153083541","-0,1129372162","0,231812351"
"0,6588969165","0,1495474739","0,1502235217","-0,03813963354","0,2153745228"
"0,6688499167","0,1501276639","0,2003091264","-0,06937487483","0,2597593787"
"0,6788039166","0,1465964207","0,2271276003","-0,1267518479","0,2985690679"
"0,6887579164","0,1404851667","0,1778735427","-0,1469048613","0,2701039014"
"0,6987119166","0,2012907643","0,1888456601","-0,1492063254","0,313756566"
"0,7086659165","0,2180781935","0,1984281137","-0,1349426275","0,3242550347"
"0,7186189166","0,1901822423","0,1346899182","-0,03819401264","0,2361555461"
"0,7285729165","0,2320484708","0,1692805842","-0,0005022758245","0,287232765"
"0,7385269166","0,1985287041","0,2257316141","-0,01903853416","0,3012156598"
"0,7484809165","0,1116961264","0,207405417","0,05827101231","0,242669616"
"0,7584339166","0,08721864011","0,2554372969","0,13922162","0,3037070353"
"0,7683879165","0,09504769642","0,2950524022","0,1222103155","0,3332046606"
"0,7783415415","0,1119182292","0,2859615167","0,03935643911","0,3095942641"
"0,7882955417","0,1415248748","0,2424341856","0,01842691541","0,2813239693"
"0,7982485415","0,1127731287","0,2314748589","0,1074554515","0,2790072811"
"0,8082025417","0,09792366771","0,2880445508","0,1289685273","0,3304415061"
"0,8181565416","0,05494369078","0,278584706","0,1211584014","0,3087192994"
"0,8281105414","-0,004518454168","0,2545701182","0,0001508581638","0,2546102596"
"0,8380635416","0,01742885051","0,2606205612","-0,06051985145","0,2681221627"
"0,8480175415","0,05143318696","0,1996848265","-0,03551306427","0,209238095"
"0,8579715416","0,09342768878","0,1679708444","0,03916114211","0,1961543593"
"0,8679255415","0,1167146637","0,2462273109","0,1054714912","0,292189043"
"0,8778785416","0,02951038577","0,2625350858","0,1283855599","0,2937318269"
"0,8878325415","0,0183019129","0,2329548988","0,06788734317","0,2433344124"
"0,8977865416","0,1097359387","0,2476958757","-0,04844885945","0,2752135808"
"0,9077405415","0,06058815423","0,2280236495","-0,05492523551","0,2422446917"
"0,9176945416","-0,008877425529","0,2095161522","-0,04450315833","0,2143743404"
"0,9276475415","0,06809470005","0,2083412638","-0,07456954122","0,2315244844"
"0,9376015416","0,07315292532","0,1446215967","-0,11917678","0,2011712246"
"0,9475555415","0,09869219285","0,1075791201","-0,1413412356","0,2032012817"
"0,9575095417","0,109836657","0,1472215977","-0,1697850162","0,2501304495"
"0,9674625415","0,1029902435","0,1117092643","-0,1548640913","0,216953536"
"0,9774165417","0,08683409432","0,08101682737","-0,1124261695","0,1635344913"
"0,9873705416","0,08784935368","0,1038453075","-0,1145802838","0,177848245"
"0,9973245414","0,04723272996","0,09470885027","-0,06808497906","0,1258422086"
"1,007277542","0,04726593118","0,09009346023","-0,05000948131","0,1133659916"
"1,017231541","0,06941595152","0,0810043655","-0,06901702523","0,1270575906"
"1,027185542","0,05112527624","0,07757453497","-0,04459495962","0,1030549017"
"1,037139541","0,079630416","0,1556395783","-0,09185508013","0,1974893344"
"1,047092542","0,06966043822","0,2007904254","-0,1153603023","0,2418209481"
"1,057046541","-0,004157260694","0,1786836744","-0,02920333385","0,1811021066"
"1,067000542","0,02430943362","0,211369683","0,02087865293","0,2137849611"
"1,076954541","0,07485579897","0,2008601899","-0,002337132096","0,2143680684"
"1,086907542","0,11843528","0,1640139605","-0,07299020827","0,2150699079"
"1,096861542","0,1531724552","0,1718436746","-0,1214039844","0,2602517569"
"1,106815542","0,1349368169","0,2012962461","-0,0814534682","0,2556614768"
"1,116769542","0,07778061278","0,2495674598","0,04259813547","0,2648553225"
"1,126723542","0,07353425514","0,276835146","0,07764049888","0,296771009"
"1,136676542","0,1441701186","0,2354424871","0,04871783137","0,2803419607"
"1,146630542","0,2309826513","0,2293626619","0,04938149035","0,3292396505"
"1,156584542","0,1797251001","0,2522585312","0,07017886698","0,3175855027"
"1,166538541","0,1037925363","0,2610233247","-0,009158493876","0,2810514982"
"1,176491542","0,1213375089","0,2620869332","-0,1093844479","0,3088321698"
"1,186445541","0,135718882","0,2608179047","-0,09205914795","0,3080916764"
"1,196399542","0,07843886308","0,2850816569","-0,07413977087","0,3048293162"
"1,206353541","0,02003095284","0,2713412483","-0,1054001552","0,2917816047"
"1,216306542","0,0528961055","0,2146032663","-0,1211899763","0,252070566"
"1,226260541","0,02170471832","0,1955029344","-0,1062696362","0,2235748817"
"1,236214542","-0,02152268719","0,2120383121","-0,1046651602","0,2374410824"
"1,246168541","0,0456950767","0,2192656534","-0,09891033053","0,2448442776"
"1,256121542","0,04370373432","0,1905937949","-0,06810018182","0,2070595224"
"1,266075541","-0,02027682826","0,2115292023","-0,04198008478","0,2166058188"
"1,276029542","0,0005896186084","0,2433065536","-0,02665979505","0,2447635009"
"1,285983542","0,03422220005","0,2365090558","0,02369818032","0,2401443237"
"1,295936542","0,05687710918","0,2453576107","0,002984418869","0,2518814591"
"1,305890542","0,06470527014","0,2584305231","-0,08536174715","0,2797494149"
"1,315844542","0,1112551732","0,2428530655","-0,1132354242","0,2901337386"
"1,325798542","0,09780882474","0,2567728375","-0,09487399757","0,2906887195"
"1,335751542","0,04534471884","0,2987817563","-0,07337495506","0,3109832238"
"1,345705542","0,03986151064","0,3070815866","-0,06701610804","0,3168267659"
"1,355659541","0,08778052099","0,2761681614","-0,1193638909","0,3134039114"
"1,365613542","0,1005629364","0,2691392966","-0,153944909","0,3259568992"
"1,375566541","0,1274393525","0,289757456","-0,1575672591","0,3535924392"
"1,385520542","0,1431953512","0,2455455621","-0,1302163231","0,312656077"
"1,395474541","0,1078499741","0,2274122866","-0,1179821938","0,2779707953"
"1,405428542","0,1173296994","0,264768576","-0,1058872283","0,308351686"
"1,415382541","0,1118290592","0,2488851994","-0,0507737124","0,2775383772"
"1,425335542","0,06565993773","0,2352574593","-0,07807143867","0,2564224037"
"1,435289541","0,04410417723","0,2352036284","-0,158951295","0,2872828561"
"1,445243542","0,0568247766","0,2343710945","-0,1498805094","0,2839419523"
"1,455196542","0,07652711593","0,2567900502","-0,1430363435","0,3037382506"
"1,465150542","0,02225132335","0,2821824247","-0,1664649671","0,3283787866"
"1,475104542","0,02832882794","0,3012937202","-0,1623964745","0,3434429257"
"1,485058542","0,02465173328","0,3066656668","-0,1444069308","0,3398601195"
"1,495012542","0,04680524368","0,3501044857","-0,1654966682","0,3900679799"
"1,504965542","0,07624027345","0,3873444155","-0,189462651","0,4378862542"
"1,514919542","0,05185321804","0,385225348","-0,200603351","0,437411739"
"1,524873542","0,05860212917","0,3816824835","-0,1937042212","0,4320151075"
"1,534827542","0,075178145","0,4510488798","-0,1603850323","0,4845825049"
"1,544780541","0,03478300285","0,4876009578","-0,1118595743","0,5014749402"
"1,554734542","0,05153492851","0,4600094455","-0,0697806716","0,4681173794"
"1,564688541","0,09811143642","0,4464515065","0,01442975879","0,4573325044"
"1,574642542","0,1013502457","0,4827794169","0,05596194685","0,4964670957"
"1,584595541","0,08897260381","0,503149362","0,04956918597","0,5133541749"
"1,594549542","0,08181815173","0,5492078066","0,01572140872","0,5554913028"
"1,604503541","0,09505096721","0,5971717126","-0,0529728502","0,60700483"
"1,614457542","0,1051738679","0,6182970084","-0,07393219471","0,6315209439"
"1,624410541","0,04064680997","0,6076630428","-0,07799834847","0,6139953412"
"1,634364542","0,05042130802","0,6245413962","-0,0702905488","0,6305037868"
"1,644318542","0,07071774272","0,6903408448","0,0006741839647","0,6939538426"
"1,654272542","0,03416305181","0,736151002","-0,001590442657","0,7369450057"
"1,664225542","-0,0417374436","0,778693589","-0,02093829453","0,7800923868"
"1,674179542","-0,03345597725","0,824263718","0,01281592727","0,8250419548"
"1,684133542","0,01575512158","0,9018328808","0,02216679454","0,9022428363"
"1,694087542","0,08551907379","0,9617029604","-0,009598204494","0,9655455565"
"1,704040542","0,1148418736","0,958221309","-0,07468473136","0,9679641223"
"1,713994541","0,1469684863","1,050821324","-0,121449008","1,067977085"
"1,723948542","0,1798914533","1,058880688","-0,2220883602","1,096773671"
"1,733902541","0,2111252694","1,02868362","-0,2115224415","1,071216884"
"1,743855542","0,1759924386","1,074161655","-0,1776173615","1,102880105"
"1,753809541","0,133325105","1,155900029","-0,156469152","1,174037076"
"1,763763542","0,08302287916","1,176244685","-0,1157140589","1,184835052"
"1,773717541","0,02264628449","1,199716943","-0,004205317497","1,199938033"
"1,783672041","-0,1022453996","1,312559435","0,1127185303","1,321352284"
"1,793625042","-0,2612054837","1,463181517","0,2681053627","1,510300944"
"1,803579042","-0,3033084331","1,557069528","0,3045662606","1,615308679"
"1,813533042","-0,2126750373","1,431174297","-0,04480195105","1,447583419"
"1,823487042","-0,1877349815","1,264110283","-0,4541497314","1,356271068"
"1,833440042","-0,1719424195","1,317384265","-0,6505541968","1,479285726"
"1,843394042","-0,3751374392","1,408243272","-0,7047403443","1,618807018"
"1,853348042","-0,6309449744","1,535726168","-0,5154408306","1,738454967"
"1,863302042","-0,6784933627","1,677673613","-0,2560267693","1,827701207"
"1,873255042","-0,4633277404","1,683701069","-0,114035908","1,75000745"
"1,883209042","-0,4725804109","1,743736479","-0,1644850999","1,814112593"
"1,893163041","-0,3837422017","2,006555082","-0,4946533942","2,101952272"
"1,903117042","-0,2279646292","2,560477023","-0,940733968","2,7373328"
"1,913070041","-1,458286959","1,509609433","-0,552713322","2,170486929"
"1,923024042","-0,1879258566","1,747587601","-0,6046617401","1,858761516"
"1,932978041","0,4837373004","1,931141495","-0,3800883132","2,026765002"
"1,942932042","0,4486816711","1,352827455","-0,366797592","1,471732937"
"1,952885041","1,092857469","1,067203834","-0,6185190564","1,647976728"
"1,962839042","1,121220851","1,067897314","-0,5192608166","1,633148084"
"1,972793041","1,093651521","1,005864641","-0,6438573807","1,619379404"
"1,982747042","1,273359555","1,131877109","-0,9090847439","1,931068465"
"1,992700042","1,104155094","1,13833799","-0,8737962127","1,810660562"
"2,002654042","0,8450705963","1,084094393","-1,004939319","1,702735447"
"2,012608042","0,7169230181","1,14868186","-1,245663925","1,83987153"
"2,022562042","0,6262504642","1,371095472","-1,31449267","1,999995854"
"2,032515042","0,7020793495","1,537259892","-1,025901588","1,977007197"
"2,042469042","0,8618126366","1,540311846","-1,210129811","2,140022375"
"2,052423042","0,6155813422","1,507731892","-1,463004931","2,189196034"
"2,062377041","0,4362052478","1,479745802","-1,542720022","2,181721275"
"2,072330042","0,1943627639","1,545776362","-1,441065009","2,122232269"
"2,082284041","-0,1535607835","1,276316638","-0,8619784051","1,547763498"
"2,092238042","-0,08208511367","0,9853678116","-0,4678468341","1,093877667"
"2,102192041","0,2312728011","0,9552129896","-0,3100667363","1,03056312"
"2,112146042","0,5052990543","1,054266138","-0,1325031692","1,176588847"
"2,122099041","0,6431037477","1,259245546","-0,3289655221","1,451723145"
"2,132053042","0,4741029163","1,585512724","-0,8997052252","1,883638411"
"2,142007041","-0,146044809","1,624680005","-1,292098419","2,080969133"
"2,151961042","-0,9634262811","1,740099949","-1,157954521","2,30152052"
"2,161914041","-1,755980256","1,889015668","-0,6633309478","2,663053661"
"2,171868042","-0,7974893906","2,109025636","-1,250601899","2,578368393"
"2,181822042","-0,1641661343","2,242419482","-1,670199264","2,800885794"
"2,191776042","-0,6876139958","1,623245391","-1,367509375","2,231102978"
"2,201729042","-0,8482050694","1,500225821","-0,6394936037","1,838227794"
"2,211683042","-0,3417155951","1,913543861","0,1111789584","1,946992659"
"2,221637042","-0,3361200655","2,032663777","0,3158689284","2,084339681"
"2,231591042","-0,5102983141","1,908375361","0,6639413971","2,084015131"
"2,241544042","-0,431924684","2,01607888","0,9066604882","2,252369025"
"2,251498041","-0,171913019","2,19104833","0,9534399676","2,395682501"
"2,261452042","0,1072408678","2,162586569","0,9572090828","2,367388963"
"2,271406041","0,3156434817","2,045707891","0,6809924626","2,179059962"
"2,281359042","0,195593146","2,113467034","0,3156578439","2,145842366"
"2,291313041","-0,08794292741","2,221374183","0,0250751996","2,223255718"
"2,301267042","-0,3513272116","2,305994211","-0,3104058748","2,35316636"
"2,311221041","-0,4724092337","2,329223445","-0,4642800325","2,42157145"
"2,321174042","-0,3556086525","2,436363439","-0,5530869591","2,523535121"
"2,331128041","-0,3727544064","2,559865404","-0,7180006599","2,684656716"
"2,341082042","-0,6456600773","2,621665211","-0,8422990161","2,82833397"
"2,351036042","-0,7731497707","2,745222725","-1,018732901","3,028502122"
"2,360989042","-0,7387812989","3,128346913","-1,37858634","3,497549501"
"2,370943042","-0,587521139","3,539504699","-1,997521718","4,106503089"
"2,380897042","-0,6076724714","3,427063619","-2,675200564","4,38984384"
"2,390851042","-0,9833882368","3,163061247","-3,077887781","4,521659216"
"2,400804042","-1,296052891","2,855998811","-2,529734702","4,029396973"
"2,410758042","-1,17559769","2,623144557","-1,880516009","3,435004768"
"2,420712042","-1,096233067","2,707590922","-0,9282834917","3,065042541"
"2,430666042","-1,194620656","3,16398423","0,6391334152","3,44186087"
"2,440619041","-1,159140775","3,60734468","1,292597187","4,003417348"
"2,450573042","-1,411811827","3,793606272","1,159625071","4,210628396"
"2,460527041","-0,7305517083","3,369355401","0,9491042572","3,575899958"
"2,470481042","0,1351452336","2,909176606","0,5964323688","2,972760389"
"2,480434041","0,2815198621","2,993119526","-0,09516752779","3,007835565"
"2,490388042","0,3921318964","3,197000826","-0,5343957496","3,264990126"
"2,500342041","0,4459030377","3,146500471","-0,4024971825","3,203326195"
"2,510296042","1,338206784","2,779725683","0,594077695","3,141751196"
"2,520249041","1,466679322","2,456207719","1,099952481","3,064963304"
"2,530203042","0,7426890662","2,099345716","0,6231237388","2,31238463"
"2,540157042","1,349017847","1,657631989","-1,239906757","2,470822076"
"2,550111042","1,673269783","2,381643148","-1,662349961","3,351934254"
"2,560064042","1,376308119","3,137989556","-1,217720082","3,636487961"
"2,570018042","0,5858030078","3,698374133","-0,1420540112","3,747174366"
"2,579972042","0,7008338926","3,760908935","1,185445206","4,005107301"
"2,589926042","1,475185558","3,150789111","2,321558622","4,182496729"
"2,599879042","1,613953142","2,621517569","2,833326232","4,183890133"
"2,609833041","1,964295061","2,553787516","2,854782005","4,304656323"
"2,619787042","2,756269577","2,590296069","3,428577463","5,10507582"
"2,629741041","2,38292822","2,39408193","3,881327371","5,14535493"
"2,639694042","0,5170175323","1,67915676","3,596290811","4,002521973"
"2,649648041","-0,1669182725","0,7631797564","2,729329993","2,838934177"
"2,659602042","0,3217187753","0,7419855","2,647837933","2,768590106"
"2,669556041","0,8535689396","0,941683702","2,298227062","2,626251275"
"2,679509042","0,9404215805","1,028707666","1,477016614","2,030815179"
"2,689463041","0,3949517527","1,357654477","1,15996304","1,828859432"
"2,699417042","0,2905359397","1,404546077","1,574428888","2,129785702"
"2,709371042","0,2479141961","1,309701754","3,455161244","3,70336595"
"2,719325042","0,4832848721","1,691716725","6,845955169","7,068420752"
"2,729278042","1,304511766","1,881127043","6,605966143","6,991364572"
"2,739232042","1,221808674","2,468409104","6,207501785","6,791092575"
"2,749186042","0,8448731797","2,258747539","5,067635041","5,612189951"
"2,759140042","0,2921650471","1,453052385","3,72446821","4,008539023"
"2,769093042","-0,06679998033","1,370909092","2,971412323","3,273094127"
"2,779046542","-0,03547264539","1,921878628","2,771190795","3,372591613"
"2,789000541","0,05263166517","2,757762664","2,816227219","3,94197422"
"2,798953542","0,07280755587","3,424849278","2,903810323","4,49076919"
"2,808907541","0,2511566234","3,35216371","2,940215673","4,465976869"
"2,818861542","0,07280192792","2,96446583","2,627858582","3,962196172"
"2,828815541","-0,02718012415","3,062839094","1,848399593","3,577471611"
"2,838769542","0,1118366971","3,575824094","0,4798722178","3,609612548"
"2,848722541","-0,1465380216","3,847090754","-1,227514753","4,040838172"
"2,858676542","-0,7202096649","3,995091091","-2,792202179","4,927052648"
"2,868630541","-1,26532548","3,802916501","-4,045511924","5,694680783"
"2,878584542","-1,659558939","3,359673874","-4,735009162","6,038365356"
"2,888537541","-1,810911339","2,949894569","-4,807750863","5,924166288"
"2,898491542","-1,457941242","2,949014855","-5,000795519","5,985836375"
"2,908445542","-1,014151388","3,201919504","-4,952799234","5,984230259"
"2,918399542","-0,6028349237","3,208770979","-4,283984767","5,386292475"
"2,928352542","-0,4992376113","3,053028343","-3,503590808","4,673902952"
"2,938306542","-0,612962959","2,913334853","-3,052675171","4,264043768"
"2,948260542","-1,301477061","2,595022373","-2,684862503","3,954297702"
"2,958214542","-1,791425054","2,077501396","-2,629723844","3,800087271"
"2,968167542","-2,304693498","1,885474156","-2,772552611","4,068620515"
"2,978121541","-2,157898126","1,759952124","-3,005608009","4,09727169"
"2,988075542","-1,352965887","1,511055303","-3,159493276","3,754490989"
"2,998029541","-0,8569870757","1,889922718","-3,335296832","3,928159834"
"3,007982542","-1,063291754","2,10481067","-3,745612911","4,426108154"
"3,017936541","-1,116028889","2,359424021","-3,620650896","4,463352451"
"3,027890542","-1,100751795","2,976650258","-2,257013547","3,894382034"
"3,037844541","-1,02168136","3,604942351","-2,218939987","4,354668394"
"3,047797542","-1,328586214","4,080064583","-2,036401024","4,749631298"
"3,057751541","-2,231087578","3,499468521","0,775824945","4,22207722"
"3,067705542","-2,804207098","1,911382584","4,496819324","5,633679513"
"3,077659542","-3,053731179","0,3252195033","8,092415485","8,65553177"
"3,087612542","-2,439629694","-0,0946700942","10,20366496","10,49168881"
"3,097566542","-0,7474819558","0,2449731197","10,85946294","10,88791424"
"3,107520542","0,5228151928","0,104875733","11,37855536","11,39104283"
"3,117474542","0,4855498642","-0,09835404105","10,44134025","10,45308655"
"3,127427542","0,2326603454","-0,0207230439","8,459890185","8,463114215"
"3,137381542","0,1402527399","0,2926796751","6,042842438","6,051551616"
"3,147335542","0,09368244465","0,959833094","3,341038213","3,477440482"
"3,157289542","0,5828765494","1,812838727","1,231468055","2,2677396"
"3,167242541","0,8489201839","2,492898705","0,04856755793","2,633926393"
"3,177196542","1,196351871","2,667046037","-0,5250442976","2,969859235"
"3,187150541","1,781269172","2,766708612","-0,7400271213","3,372719458"
"3,197104542","2,034191069","2,509247228","-0,6566306233","3,296273461"
"3,207057541","1,642328218","1,703904369","-0,9200897884","2,539113486"
"3,217011542","1,089969968","0,7722126813","-1,820092052","2,257671817"
"3,226965541","-0,1814171929","0,1585792659","-1,713934683","1,730789322"
"3,236919542","-1,665279124","-0,2090647837","-1,041195565","1,975082492"
"3,246872541","-1,998639413","-0,08432708234","-1,541458193","2,525423514"
"3,256826542","-1,27057745","0,2686378978","-3,535196763","3,76618501"
"3,266780542","-0,620925405","0,7694031673","-5,183124567","5,276581267"
"3,276734542","0,01061234923","0,9534501272","-5,906675404","5,983142493"
"3,286687542","1,339996471","0,8107996269","-5,696525888","5,907909425"
"3,296641542","1,851725781","0,4231321527","-4,262766976","4,666809561"
"3,306595542","1,52263469","-0,2477229191","-3,207134051","3,558861035"
"3,316549542","1,385312831","-0,8622527126","-2,901050438","3,328462862"
"3,326502542","1,182000976","-1,010148531","-3,117716675","3,483917856"
"3,336456541","0,8667166232","-1,024421584","-3,727105304","3,961306758"
"3,346410542","0,824324529","-1,040334855","-3,984295669","4,199573731"
"3,356364541","1,119848948","-0,654760903","-3,496910949","3,729766707"
"3,366317542","2,029750109","-0,00596196726","-3,923563564","4,417496133"
"3,376271541","2,975250143","-0,03974191681","-4,298939606","5,228247753"
"3,386225542","2,795412593","0,1359873788","-4,199159794","5,04636177"
"3,396179541","1,834384694","-0,02267769501","-3,199943145","3,688511572"
"3,406132542","0,7866025329","-1,016838403","-1,050095612","1,659941167"
"3,416086541","0,9643622741","-1,392771539","0,8640249306","1,901669329"
"3,426040542","2,806697719","-0,8810681024","1,573672843","3,336207324"
"3,435994542","4,610535974","-0,4487610836","1,673402953","4,925312774"
"3,445947542","4,13415162","0,1446180153","1,331710966","4,34575403"
"3,455901542","2,748478747","0,9308230837","1,20718106","3,142905209"
"3,465855542","1,463202421","1,133025356","2,954368858","3,486115766"
"3,475809542","0,4072313441","0,8260468264","5,735473607","5,808945535"
"3,485762542","-0,08827559743","0,5311758341","7,468997047","7,488381483"
"3,495716542","-0,1523731774","0,5633435601","7,255486552","7,278918784"
"3,505670542","0,1232391513","0,3155499628","5,615800983","5,626009274"
"3,515624542","0,7390930286","-0,02866305113","4,356786695","4,419125522"
"3,525577541","1,1627067","-0,4033880058","4,095925448","4,276822889"
"3,535531542","1,588251413","-0,5482249993","4,426481413","4,734641581"
"3,545485541","1,87808576","-0,2224013324","5,116630615","5,454958966"
"3,555439542","1,202522803","-0,02555204004","4,942546141","5,08679431"
"3,565392541","0,2181289729","-0,2576303682","3,955379434","3,969758194"
"3,575346542","-0,976502044","-0,3946165976","2,699790444","2,897955649"
"3,585300541","-1,768975693","-0,2726964502","1,176574979","2,141954023"
"3,595254542","-1,999711647","0,3060245562","-0,7503503805","2,157666191"
"3,605207541","-2,042913946","1,152866859","-3,609968033","4,30516766"
"3,615161542","-1,41532615","2,087003998","-6,916831024","7,362152214"
"3,625115542","-0,854912045","2,660213565","-8,720992337","9,157691749"
"3,635069542","-1,16107021","2,410673989","-8,993280213","9,382884531"
"3,645022542","-1,77805598","1,766526148","-8,186504202","8,561597325"
"3,654976542","-2,295401395","1,202394822","-6,898591805","7,369205504"
"3,664930542","-2,704464416","0,8084734583","-5,490479949","6,17358301"
"3,674883542","-2,941616958","0,4834773186","-4,49798292","5,396175589"
"3,684837542","-2,81634621","0,3825821507","-3,84429637","4,780877498"
"3,694791542","-2,333886307","0,7212152398","-3,943104374","4,638453279"
"3,704745542","-1,677941123","1,180090252","-4,954041767","5,361961325"
"3,714699541","-1,278058962","1,460352488","-5,82226266","6,137166005"
"3,724652542","-1,017027415","1,766533311","-5,930726756","6,271244259"
"3,734606541","-1,051031386","1,721005428","-5,571797177","5,925491578"
"3,744560542","-1,31192238","1,586171559","-5,30961212","5,694652001"
"3,754513541","-1,418471221","1,442416154","-5,163774961","5,54591713"
"3,764467542","-1,648267966","1,43341802","-5,1339565","5,579335431"
"3,774421541","-1,902471866","1,627596743","-5,110310944","5,690672043"
"3,784376167","-1,880937009","1,757190337","-4,884414877","5,521154825"
"3,794330167","-1,501262094","2,14626129","-4,235624201","4,980033912"
"3,804283167","-1,088329605","2,596504642","-3,133899429","4,212792817"
"3,814237167","-1,214787484","2,437830067","-1,778286214","3,252848894"
"3,824191167","-1,956067006","2,267209484","-0,04792436421","2,994784419"
"3,834144166","-2,430476901","1,937497418","2,070597296","3,734767379"
"3,844098167","-2,783025559","1,557003601","4,149698782","5,233497058"
"3,854052166","-2,700514622","1,857658659","5,366806076","6,288583495"
"3,864006167","-2,286771782","1,91396486","5,877308348","6,590549301"
"3,873959166","-2,010935523","1,292758862","6,807153631","7,214736843"
"3,883913167","-1,65742529","0,3255872932","8,652156576","8,815490859"
"3,893867166","-1,705983054","-0,4942130989","10,60757542","10,75524435"
"3,903821167","-2,032589517","-0,711351791","10,82682379","11,03891094"
"3,913774166","-2,577187781","-0,3506907787","9,302107925","9,658886723"
"3,923728167","-2,751264068","-0,2431495193","6,746167756","7,289674551"
"3,933682167","-1,544854694","-0,5210266026","4,540557666","4,82438687"
"3,943636167","-0,2787133082","-0,4127580958","3,094450019","3,134273644"
"3,953589167","0,0136670626","-0,8764209547","2,136397768","2,30921976"
"3,963543167","-0,2426621539","-1,776445219","1,757973572","2,51099853"
"3,973497167","-0,5553674463","-2,354422459","2,109529227","3,209649775"
"3,983451167","-0,6566890955","-2,511766208","1,942837388","3,242657424"
"3,993404167","-0,3259875351","-1,976635756","1,152066375","2,310976789"
"4,003358167","0,2421451139","-0,896332332","-0,5213260531","1,064813016"
"4,013312167","1,418147139","0,2648048652","-2,865979423","3,208597977"
"4,023266166","2,253194439","1,062794668","-4,398658606","5,055157289"
"4,033219167","2,659083883","1,20637948","-4,400762435","5,281362377"
"4,043173166","2,679786535","0,9894034868","-3,359640545","4,409916067"
"4,053127167","2,690626688","0,8269730984","-2,728763398","3,920396174"
"4,063081166","2,686094804","0,9707433406","-2,963241423","4,115610241"
"4,073034167","2,779381867","1,185818843","-3,624560344","4,718958315"
"4,082988166","2,809381884","1,218987612","-4,416508986","5,374393826"
"4,092942167","2,905345802","1,300548815","-5,215059135","6,109771128"
"4,102896166","2,918897309","1,58442251","-6,102582856","6,94779632"
"4,112849167","2,707383931","1,534067459","-6,575502149","7,27464908"
"4,122803167","2,513806302","1,384766408","-6,501629012","7,106896646"
"4,132757167","2,234258084","0,9776361845","-6,217471288","6,678669846"
"4,142711167","2,033196458","0,3805124922","-6,229614201","6,564051392"
"4,152664167","1,67804535","-0,4011235254","-5,592521464","5,852609042"
"4,162618167","1,239749613","-1,050083552","-4,216259977","4,518462433"
"4,172572167","1,864509403","-1,044604565","-2,90352264","3,605279148"
"4,182526167","2,510385681","-1,046968886","-0,7468625164","2,820635342"
"4,192479167","2,310262971","-1,553415749","1,781013356","3,304909085"
"4,202433167","1,187266029","-2,192794163","4,116961976","4,813244516"
"4,212387166","-0,06111568272","-1,852462969","5,691714799","5,985897722"
"4,222341167","0,04044109762","-1,116296618","3,859724248","4,018112106"
"4,232294166","0,08444344193","0,7545758709","-0,8034121084","1,105434962"
"4,242248167","0,8894771294","4,203152858","-4,174968109","5,990661251"
"4,252202166","1,881749918","4,750982293","-1,779928113","5,411188371"
"4,262155167","1,399120007","2,35885421","4,637569991","5,387836801"
"4,272109166","-0,4041132067","-0,6193669027","10,9457351","10,97069003"
"4,282063167","-2,07370933","-1,98103067","13,21279066","13,5204508"
"4,292017167","-1,467596019","-1,637342297","10,99952481","11,21714197"
"4,301970167","-0,3903723961","-1,0140457","8,545904481","8,614706187"
"4,311924167","0,2717839922","-0,5681956893","7,155566407","7,183233498"
"4,321878167","0,6325997365","-0,4922459128","6,405109023","6,455068556"
"4,331832167","0,5676857024","-0,5641442266","6,175632706","6,227275896"
"4,341785167","0,3986054219","-0,5584013472","5,615001084","5,656760161"
"4,351739167","0,192276185","-0,4012387886","4,420404401","4,442739894"
"4,361693167","0,2052032094","-0,01801048402","2,919793687","2,927051061"
"4,371647167","-0,01464237817","0,2286639379","1,457624908","1,475524303"
"4,381600166","-0,3722803069","0,3498234905","-0,1161730653","0,5238943429"
"4,391554167","-0,1961760586","0,7060832305","-1,464769036","1,637860465"
"4,401508166","-0,003763998896","1,216308198","-3,144733735","3,371760677"
"4,411462167","0,581220618","1,747781144","-4,615603756","4,969542672"
"4,421415166","1,346036937","2,36244557","-4,607554479","5,350002129"
"4,431369167","1,008518035","2,061135624","-3,122149449","3,874687841"
"4,441323166","0,2646277311","1,196175943","-1,605934855","2,019874125"
"4,451277167","-0,5081505952","0,7891507494","-0,8946549851","1,296681717"
"4,461230166","-1,003361887","0,8919891664","-1,589541602","2,080630254"
"4,471184167","-1,178349536","1,404425771","-3,175572535","3,666767009"
"4,481138167","-1,246197191","1,952257837","-4,860614371","5,384226051"
"4,491092167","-1,128035561","2,643943688","-6,577691932","7,178365664"
"4,501045167","-0,176019756","3,584202277","-8,135478474","8,891765793"
"4,510999167","0,8431973677","4,531352102","-8,715750893","9,859434432"
"4,520953167","1,100128043","4,55809025","-8,240582761","9,481227382"
"4,530907167","0,7682152323","3,779903322","-6,930753829","7,931782424"
"4,540860167","0,3086173578","2,623913758","-5,56379117","6,15921588"
"4,550814167","0,05072196454","1,810246218","-4,705638013","5,042082228"
"4,560768167","-0,1042504464","1,525194163","-4,447915551","4,703300771"
"4,570722166","-0,1629538603","1,445260386","-4,681785466","4,902493926"
"4,580675167","0,379724324","1,615472687","-4,442196974","4,742051932"
"4,590629166","0,7192282829","1,603298346","-2,842861871","3,342112884"
"4,600583167","0,2316747972","0,7353784387","-0,2109944379","0,7993580628"
"4,610537166","-1,88413105","-0,1269922781","2,81403042","3,388929633"
"4,620490167","-3,892883808","-0,8022085322","4,408766103","5,935933071"
"4,630444166","-4,435000513","-1,602821944","4,721287501","6,672992088"
"4,640398167","-3,700351954","-1,392859393","4,909874239","6,303929482"
"4,650352166","-1,789504975","-0,8533695495","5,638640208","5,977025266"
"4,660305167","-0,1076375923","-1,151305579","7,347915244","7,43834315"
"4,670259167","-0,5352179412","-2,341077505","9,922797468","10,20926108"
"4,680213167","-2,18988912","-3,26917067","11,42942263","12,0877952"
"4,690167167","-2,999958429","-3,546292731","11,02317796","11,96187256"
"4,700120167","-3,393027561","-2,671937817","9,559428098","10,48973562"
"4,710074167","-2,513801039","-1,01335317","7,764553333","8,22401172"
"4,720028167","-1,205316164","0,7362598334","5,82882499","5,997505011"
"4,729981167","-0,4384501036","1,262605063","3,886644244","4,110038141"
"4,739935167","-0,4420655832","1,191174892","1,581851928","2,028934481"
"4,749889167","-0,9167506628","0,9054239483","-1,001690606","1,632056486"
"4,759843166","-0,7593313383","0,594520987","-3,037881716","3,187281695"
"4,769796167","-0,5009873906","0,4522690476","-3,641927744","3,703940247"
"4,779750042","-0,5876192261","0,09669932471","-2,864520543","2,925769139"
"4,789704042","-0,7040147048","-0,1117267694","-2,050710331","2,171067119"
"4,799658041","-0,6215775157","-0,0447078657","-2,047990206","2,140705791"
"4,809611042","-0,1836171164","0,3741932966","-2,748233457","2,77966239"
"4,819565041","0,4997173022","0,9123306794","-3,717008332","3,859820668"
"4,829519042","1,657424559","1,307701568","-3,703248664","4,262767907"
"4,839473041","2,386754784","1,231107574","-2,665651476","3,783903018"
"4,849426042","2,426953222","0,7899078177","-2,002820465","3,244278983"
"4,859380041","2,236317035","0,6201614662","-1,770807626","2,919156346"
"4,869334042","2,095521052","0,6986069074","-1,741904254","2,813092697"
"4,879288041","2,007492829","0,8132817699","-2,554224011","3,348957299"
"4,889241042","1,753343162","0,9920611925","-4,009628731","4,487261995"
"4,899195042","1,543379003","1,040483666","-5,192728618","5,516253757"
"4,909149042","1,67154807","1,110923685","-6,234712388","6,549798695"
"4,919103042","2,167132633","1,633614551","-7,389243949","7,871854069"
"4,929056042","2,645411339","1,825533471","-7,814547027","8,449728921"
"4,939010042","2,831159838","1,282323044","-7,117970565","7,766937838"
"4,948964042","2,383340595","0,4129937751","-5,851640825","6,331869913"
"4,958918042","1,754071871","-0,4403597676","-4,984671822","5,30260672"
"4,968871042","1,321927259","-1,18334854","-3,861143952","4,249263238"
"4,978825042","1,079230387","-1,44832228","-2,362300851","2,973691472"
"4,988779041","1,123448494","-1,56587295","-0,5882065058","2,014964393"
"4,998732042","0,7675648758","-1,293470761","1,583563993","2,18400947"
"5,008686041","1,479672566","-0,5795705703","2,644499758","3,085240982"
"5,018640042","2,321698663","-0,8549025433","2,416056059","3,458102069"
"5,028594041","1,788844532","-1,434729989","2,292521349","3,242540522"
"5,038547042","0,9703113775","-1,789373412","2,75200725","3,422996535"
"5,048501041","-0,009128965437","-2,457818043","4,135542673","4,810786429"
"5,058455042","-0,9522167301","-3,206956003","6,740546243","7,52504134"
"5,068409042","-1,662329496","-2,880455959","8,996605525","9,59162535"
"5,078362042","-1,299621593","-1,542738733","9,223723075","9,441722642"
"5,088316042","-0,2722963545","-0,1936561462","7,386268886","7,393822831"
"5,098270042","0,5649758103","0,4890913765","5,715124712","5,763771206"
"5,108224042","0,9421587883","0,6499281062","5,326141614","5,44773845"
"5,118177042","1,234191981","0,5336925488","5,013872232","5,191047326"
"5,128131042","1,468103265","0,1213084373","4,584319398","4,815187148"
"5,138085042","1,410532895","-0,4679739745","4,743542004","4,970894631"
"5,148039042","0,990307174","-0,8092881216","4,966922598","5,128935139"
"5,157992041","0,9417459018","-0,6934751717","4,401650042","4,55437331"
"5,167946042","1,738597946","-0,04257467352","3,289774504","3,721176119"
"5,177900041","2,465664129","0,8727871294","2,242976722","3,445606121"
"5,187854042","2,263338481","1,159991691","1,533896574","2,970037121"
"5,197807041","1,759148424","1,401634018","0,3062110823","2,270010203"
"5,207761042","1,14927221","1,786384023","-1,622757879","2,673076435"
"5,217715041","0,5301583455","1,892570921","-3,187497931","3,744734386"
"5,227668042","0,1874915546","2,02852921","-3,634504119","4,166497814"
"5,237622041","0,0815317478","2,193434579","-3,357475321","4,011289469"
"5,247576042","-0,008533938155","2,211550276","-2,931834274","3,672421498"
"5,257530042","-0,2615250523","2,071684732","-2,729373263","3,436531884"
"5,267483042","-0,6398551809","1,942254128","-2,766777316","3,44046835"
"5,277437042","-0,981682604","1,910299387","-2,702116467","3,451721003"
"5,287391042","-1,256444729","1,772675373","-2,848882164","3,582898397"
"5,297345042","-1,308310702","1,595480618","-2,968985728","3,615537519"
"5,307298042","-0,8069563982","1,686896573","-3,371616227","3,855462963"
"5,317252042","-0,05884469725","2,272804684","-4,51005742","5,050714976"
"5,327206042","0,438178208","2,705362841","-5,775344017","6,39261971"
"5,337160042","0,3287393079","2,725728693","-6,315223285","6,886197178"
"5,347113041","-0,4874535714","2,461119965","-5,625379307","6,159514171"
"5,357067042","-1,360925702","1,859823883","-4,964002499","5,472877164"
"5,367021041","-1,873524201","1,149239027","-4,562854269","5,064630525"
"5,376975042","-1,887819182","0,6582674783","-3,393070831","3,938287318"
"5,386928041","-1,216526592","0,4126896834","-1,583167552","2,038791117"
"5,396882042","-0,6336512851","0,334259518","0,9130298603","1,16054595"
"5,406836041","-1,65838628","0,003748649955","3,287355511","3,681978457"
"5,416790042","-2,925912214","-0,6113941145","3,803924854","4,837831057"
"5,426743041","-2,973636603","-0,822888599","3,385370632","4,580436072"
"5,436697042","-1,967772254","0,02304475397","2,998117726","3,586275032"
"5,446651042","-1,155438391","0,6166624924","3,421361414","3,663471637"
"5,456604042","-0,4176014176","0,3996129703","4,903170406","4,93712077"
"5,466558042","-0,2588242234","-0,01919083358","7,046394213","7,05117222"
"5,476512042","-0,837819318","-0,4574323583","8,128947135","8,18480098"
"5,486466042","-1,40178546","-0,707452356","7,63555557","7,795331947"
"5,496419042","-2,229341892","-0,4746674284","6,65490266","7,034415673"
"5,506373042","-2,777854282","-0,08642206661","5,520298995","6,180424271"
"5,516327042","-2,758255877","0,006396786544","4,719571928","5,466477438"
"5,526281042","-2,178008601","-0,07625020002","4,33679565","4,853589606"
"5,536234041","-1,175238233","-0,1395741614","3,254301785","3,462823409"
"5,546188042","-0,3326988962","-0,2186527373","1,370698446","1,427344319"
"5,556142041","0,09029752806","-0,7152533457","-0,2464443523","0,7618896317"
"5,566096042","0,13660828","-1,473303778","-0,7534885812","1,660430934"
"5,576049041","0,03584927917","-2,029445177","-0,2482733613","2,044889376"
"5,586003042","-0,01090315685","-2,118129897","0,3052281654","2,140036768"
"5,595957041","0,005378744043","-1,922905984","0,47662292","1,981102158"
"5,605911042","0,3382106644","-1,203642252","-0,2136537516","1,268380483"
"5,615864041","0,5161951945","-0,4294577437","-1,238583532","1,408893395"
"5,625818042","0,5350687275","-0,1506271257","-2,525344613","2,58579823"
"5,635772042","0,7089317016","-0,02953589424","-3,264109905","3,340339803"
"5,645725042","1,180420328","0,2260812776","-3,071682715","3,298445027"
"5,655679042","1,665167735","0,5299773011","-2,920285438","3,403193583"
"5,665633042","1,836386342","0,9820612112","-3,210178696","3,82648746"
"5,675587042","1,805253281","1,476027558","-4,09343278","4,71102841"
"5,685540042","1,783369491","1,974511463","-5,49146462","6,102072266"
"5,695494042","1,359609202","2,327225597","-6,660935233","7,185581002"
"5,705448041","0,9100234412","2,403923087","-7,490475624","7,919230641"
"5,715402042","0,5630000727","2,091543923","-7,766265398","8,062654854"
"5,725355041","0,3422775125","1,809550107","-7,091394385","7,326629499"
"5,735309042","0,7712879442","1,609886988","-6,336469728","6,583120067"
"5,745263041","1,082745295","1,016737904","-5,661737879","5,853321207"
"5,755217042","0,7618280263","0,01040917676","-4,740373982","4,801211908"
"5,765170041","0,4855506316","-0,7673926753","-3,911092622","4,015133427"
"5,775124042","0,642786317","-1,242592529","-3,041021671","3,347390513"
"5,785078083","0,921372229","-1,339307669","-2,114809847","2,667413074"
"5,795031083","0,8800562418","-1,579539062","-1,353021728","2,258342409"
"5,804985083","0,03286800317","-1,017941919","-0,6211783701","1,19295793"
"5,814939083","0,1936841945","0,06388254862","-1,103257327","1,121949766"
"5,824893083","0,7527258119","-0,3047686473","-2,086311103","2,238788533"
"5,834846083","0,8130613299","-0,6882098271","-1,155953604","1,571919281"
"5,844800083","1,108353249","-1,354725315","2,111195099","2,742420892"
"5,854754083","0,4947030225","-2,726533562","6,81755115","7,359192892"
"5,864708083","-1,260651216","-4,347261581","10,89857497","11,80113813"
"5,874661083","-2,74736573","-4,618256637","12,21191457","13,34193278"
"5,884615083","-3,035251054","-3,26541091","9,535367391","10,5261051"
"5,894569083","-2,420940092","-2,032461024","5,766332288","6,575898174"
"5,904523083","-1,137055184","-0,4849675546","3,373596679","3,592943441"
"5,914476083","0,4370838285","0,680586739","3,246732565","3,345969654"
"5,924430083","0,8949979243","0,6076396539","5,405709355","5,512888614"
"5,934384083","1,210179513","0,631325482","7,165835872","7,294676831"
"5,944338083","2,133060323","1,502598329","7,421533443","7,866823166"
"5,954291083","2,367069694","2,352401515","5,695980343","6,601591013"
"5,964245083","1,823241655","2,713047544","2,8369211","4,328158781"
"5,974199083","1,201888161","2,81255049","0,9086052722","3,190695684"
"5,984152083","0,9600365771","2,792545119","0,3976141727","2,979609958"
"5,994106083","0,9477589591","3,016681758","-0,1445852709","3,165362661"
"6,004060083","0,4594606112","3,207856767","-1,502129821","3,571812297"
"6,014014083","-0,526978118","2,975613839","-2,956761539","4,227815329"
"6,023967083","-1,687780672","2,417922198","-3,892552271","4,883330271"
"6,033921083","-2,86803238","1,754177267","-3,526098495","4,871972723"
"6,043875083","-3,394038837","1,319563668","-2,290699942","4,302098805"
"6,053829083","-3,561533207","1,212836341","-1,37451317","4,005593243"
"6,063782083","-3,452631739","1,178818337","-1,338786097","3,886209826"
"6,073736083","-2,785973433","1,541794993","-2,059569447","3,792176957"
"6,083690083","-1,72291162","1,977024157","-2,628317004","3,712829008"
"6,093644083","-1,351157928","2,223590863","-3,658532667","4,489414811"
"6,103597083","-1,125054358","2,235085173","-5,314036708","5,873698935"
"6,113551083","-0,7226717082","2,523560042","-6,181351283","6,715632015"
"6,123505083","-0,03262521582","2,98791258","-6,656271493","7,296206973"
"6,133458083","0,1942866405","3,347530961","-6,93558363","7,703637525"
"6,143412083","0,02004019875","3,313955664","-6,60239291","7,387441769"
"6,153366083","-0,438887658","3,342008266","-6,204962924","7,061388427"
"6,163320083","-0,7859181163","3,282556116","-5,498452043","6,451807251"
"6,173273083","-0,6833942065","2,845975806","-3,92778233","4,898375237"
"6,183227083","-0,519370525","2,086585338","-1,526748937","2,637147404"
"6,193181083","-0,794011686","1,265562439","1,167053373","1,895815503"
"6,203135083","-2,282229957","0,9431639247","3,841628285","4,566863217"
"6,213088083","-2,724826175","0,170878007","5,765030113","6,378828198"
"6,223042083","-2,948801724","-0,151539803","6,750987616","7,368461828"
"6,232996083","-2,909773022","-0,2686516753","6,390558227","7,026961449"
"6,242950083","-2,447545362","-0,7018273345","6,813950434","7,274129531"
"6,252903083","-1,667141755","-1,398787301","9,029652818","9,28819668"
"6,262857083","-1,089328236","-2,235521083","11,52763831","11,79282135"
"6,272811083","-1,052461761","-2,418572554","12,16103444","12,44379072"
"6,282764083","-0,8195173869","-1,743607256","10,19178108","10,37227924"
"6,292718083","-0,6072452592","-0,7960183773","7,582861047","7,648671369"
"6,302672083","-0,4171529362","0,3370433043","5,462130893","5,488395818"
"6,312626083","0,3576472843","1,561743354","3,339356554","3,70381642"
"6,322579083","1,305567919","2,006630657","2,072380697","3,166360045"
"6,332533083","1,074666343","1,476802606","0,8787792099","2,026846463"
"6,342487083","0,1911671875","-0,1361696658","-0,446061278","0,5040414022"
"6,352441083","-0,8149116082","-1,719377125","-0,1669198805","1,910026406"
"6,362394083","-1,545524347","-2,518898642","0,7394149178","3,046347041"
"6,372348083","-2,164009636","-2,729084702","0,9565992182","3,611914047"
"6,382302083","-2,058833575","-2,197307044","-0,3121366507","3,027273232"
"6,392256083","-1,243024638","-1,389028444","-2,186672128","2,873333476"
"6,402209083","-0,2685920703","-0,7491350368","-3,333129854","3,426820629"
"6,412163083","0,4451403415","-0,4178061798","-3,489007852","3,542017465"
"6,422117083","0,9545659952","-0,3518877769","-3,556323922","3,698981088"
"6,432070083","1,177617465","-0,2780433635","-3,782828684","3,97163491"
"6,442024083","1,544232258","-0,03667998578","-4,233023359","4,506049872"
"6,451978083","1,873075135","0,2706391439","-4,839809977","5,196673612"
"6,461932083","2,166328203","0,2788258671","-5,308875371","5,740634064"
"6,471885083","2,335696897","0,2709703887","-5,887270249","6,339468111"
"6,481839083","2,03159549","0,03574154422","-6,358126645","6,674910646"
"6,491793083","1,486857186","-0,2399869797","-6,777627531","6,942951317"
"6,501747083","1,33516287","-0,3367315015","-7,169362913","7,30039811"
"6,511700083","1,634847583","-0,2759991769","-6,760932561","6,961257879"
"6,521654083","1,716449862","-0,1917964941","-6,719503284","6,937918305"
"6,531608083","1,548716342","-0,6364875501","-7,90094607","8,076421702"
"6,541561083","1,282949135","-0,9146005686","-8,034995828","8,188016282"
"6,551515083","0,9775341506","-1,173313768","-6,401956204","6,581586545"
"6,561469083","0,8675201768","-1,940859567","-4,484510935","4,962898895"
"6,571423083","0,9231241279","-2,829485488","-1,923323475","3,543630832"
"6,581376083","0,8624540761","-3,318508891","1,239859394","3,64603615"
"6,591330083","0,3110709225","-2,732273481","2,792170604","3,918966724"
"6,601284083","0,2977848791","-1,454357484","0,2861241424","1,511852688"
"6,611238083","0,2120526378","-0,1014363277","-2,724770919","2,734891627"
"6,621191083","1,016630169","2,09567615","-4,470424408","5,040842173"
"6,631145083","1,318289852","3,344451817","-2,707735641","4,500564231"
"6,641099083","-0,2009658784","1,877528667","3,340379816","3,837139364"
"6,651053083","-2,661423354","-0,005729101896","8,457931952","8,866781829"
"6,661006083","-4,118371155","-1,275591437","11,13600818","11,94147364"
"6,670960083","-3,995714112","-1,16066032","12,78563869","13,44564689"
"6,680914083","-2,705794365","-0,5399270694","12,38545759","12,68906632"
"6,690867083","-0,6229157241","0,125465899","10,51730026","10,53647808"
"6,700821083","1,059715524","0,6663652141","9,62526073","9,706321842"
"6,710775083","1,916443787","0,8005459495","9,506041265","9,730285255"
"6,720729083","2,00477285","0,7519890627","9,155912915","9,402943318"
"6,730682083","1,768141295","0,5655470833","7,824197856","8,041407789"
"6,740636083","1,331493742","0,3803664945","5,368453821","5,544172678"
"6,750590083","1,116718641","0,3036327526","1,978031779","2,291694371"
"6,760544083","1,410507167","0,5237786677","-0,8824459988","1,744300864"
"6,770497083","2,025346863","0,8670755692","-2,301155348","3,185775556"
"6,780451083","2,862098626","1,624859369","-4,239769877","5,367254896"
"6,790404542","2,934220523","2,234877743","-6,543857603","7,511750857"
"6,800357542","1,741869463","1,651118337","-6,917052049","7,321605701"
"6,810311542","0,6947717918","0,9135962362","-6,678108505","6,776023844"
"6,820265542","1,124683206","0,81502329","-6,365147397","6,514927218"
"6,830219541","1,356708252","0,5524271008","-5,145294836","5,349756249"
"6,840172542","0,8505238558","0,1451036996","-4,481809521","4,564105882"
"6,850126541","0,4317323106","-0,1080132028","-4,798951973","4,819543514"
"6,860080542","0,5958472817","0,06829723299","-5,592446035","5,624513414"
"6,870034541","0,9422765366","0,468714634","-6,331841657","6,41870682"
"6,879987542","0,9407670779","0,646913428","-6,353114412","6,454889806"
"6,889941541","0,6128484267","0,8014268325","-6,099406648","6,182283528"
"6,899895542","0,1982961128","0,7280931003","-5,736003365","5,785427859"
"6,909849541","-0,4144441404","0,4447938209","-5,671928406","5,704417353"
"6,919802542","-0,872516111","0,1823805765","-5,716936179","5,786009533"
"6,929756542","-0,5627942142","0,1615381032","-4,727633484","4,763753798"
"6,939710542","-0,229668252","0,1904440331","-2,647202926","2,663963169"
"6,949663542","-0,6283542193","-0,0674629084","-0,2698437399","0,6871651278"
"6,959617542","-1,178423723","-0,4837832011","1,208135326","1,755653617"
"6,969571542","-1,923659544","-0,4040702297","2,524892038","3,1998154"
"6,979525542","-2,95562601","0,5249160243","3,864516626","4,893439557"
"6,989478542","-2,586946199","1,887178327","4,113444875","5,212884175"
"6,999432542","-2,46756272","2,935471242","3,733135538","5,351836893"
"7,009386542","-2,712777695","2,864503001","2,683633418","4,77141788"
"7,019340541","-2,389564518","3,115259675","3,167754807","5,044752912"
"7,029293542","-2,109785774","2,133092629","5,650421178","6,397541689"
"7,039247541","-2,281241778","0,1286842065","8,517160739","8,818313372"
"7,049201542","-2,434906898","-1,133472814","9,576447004","9,945947388"
"7,059154541","-2,124691496","-2,176321241","9,239281347","9,727024617"
"7,069108542","-1,725500475","-2,883944993","10,05605902","10,60277387"
"7,079062541","-1,368711708","-2,990241526","10,51078061","11,01323863"
"7,089016542","-1,325749145","-2,58753823","9,505143718","9,939855229"
"7,098969541","-1,517246335","-1,968281401","6,992786356","7,421268701"
"7,108923542","-1,442390719","-1,126261735","3,449996399","3,905308135"
"7,118877542","-1,307696452","-0,5870451757","0,305056842","1,465520974"
"7,128831542","-1,024927807","-0,2433750757","-1,76015049","2,051301583"
"7,138784542","-0,6920931092","-0,06379173405","-3,306633196","3,378888182"
"7,148738542","-0,006757554039","0,133026495","-4,576489391","4,578427335"
"7,158692542","0,470093919","0,3358411168","-4,957531385","4,991081545"
"7,168645542","0,4260687706","-0,1037605228","-4,583622994","4,60455216"
"7,178599542","0,7495313318","-0,6239505351","-3,719366514","3,845100617"
"7,188553542","1,49158539","-0,7445545473","-2,544536344","3,042014736"
"7,198507542","2,310655611","-0,4573147561","-2,593324926","3,503369851"
"7,208460541","2,61929475","-0,3546994836","-3,335874537","4,256122136"
"7,218414542","2,403674287","-0,5301095212","-3,788871782","4,518209332"
"7,228368541","2,013453627","-0,4496271294","-4,118066515","4,60593442"
"7,238322542","1,962104256","-0,09165963694","-5,041798534","5,410913699"
"7,248275541","2,425295537","0,2959756775","-5,727630737","6,226990758"
"7,258229542","2,557923544","0,5844083007","-5,621964533","6,204110825"
"7,268183541","2,251155076","0,3608242227","-5,499875255","5,953698104"
"7,278136542","1,652964011","-0,09655507207","-5,557259245","5,798684611"
"7,288090541","1,156770387","-0,4349127574","-5,64476692","5,77846523"
"7,298044542","1,054146563","-0,6866395573","-5,409539866","5,55390137"
"7,307998542","1,228036909","-0,7820279637","-5,184722611","5,385256812"
"7,317951542","1,403790178","-0,9722128189","-4,083308911","4,42597292"
"7,327905542","1,564581884","-1,145691229","-1,434684527","2,412228131"
"7,337859542","1,73289194","-1,366345486","1,492167919","2,66390307"
"7,347813542","1,765928709","-1,885996897","4,372461326","5,078770181"
"7,357766542","0,8184153329","-2,188315926","6,443121187","6,853637055"
"7,367720542","-0,5069815175","-1,584262443","5,875429053","6,106356057"
"7,377674542","-0,8499487091","-0,8880661963","2,462340279","2,752125366"
"7,387627542","-0,586863108","0,00248404339","-0,2926654226","0,6557953397"
"7,397581541","0,584522029","0,646094964","1,484933159","1,721665238"
"7,407535542","0,9912004823","-0,1778312235","5,899503794","5,984834781"
"7,417489541","0,4529463744","-1,025026113","7,957199793","8,035724454"
"7,427442542","-0,7119044991","-1,209323919","7,752910357","7,878888967"
"7,437396541","-1,374685955","-0,1962490757","5,799963133","5,963878564"
"7,447350542","-1,304382104","0,4746592788","3,822389191","4,066616927"
"7,457304541","-0,8144542828","0,8638638398","3,044435275","3,267748867"
"7,467257542","1,019481783","1,394978424","2,924826971","3,397045881"
"7,477211541","2,445551023","1,55624624","3,208158483","4,323760287"
"7,487165542","1,866274823","0,7947974056","3,111425655","3,714250159"
"7,497118542","0,7197313627","-0,1960985099","2,175029152","2,299395501"
"7,507072542","0,3087565946","-0,4064243187","0,890003525","1,025971557"
"7,517026542","0,4284360158","-0,4496150695","-0,1963085711","0,6513433699"
"7,526980542","0,5223622528","-0,3689840122","-1,068917799","1,245631079"
"7,536933542","0,5531571257","-0,31623321","-1,825810629","1,933796965"
"7,546887542","0,9885028694","-0,01617222905","-2,887037585","3,051620141"
"7,556841542","1,515887734","0,8024460022","-4,137283974","4,47872235"
"7,566795541","1,41290014","0,9934501985","-4,945674402","5,238599564"
"7,576748542","0,3955560259","0,5888518191","-4,911224361","4,962190621"
"7,586702541","-0,5011473119","-0,06029323529","-4,191569524","4,221852553"
"7,596656542","-0,9535563272","-0,1072079681","-3,524161897","3,652462224"
"7,606609541","-1,127025309","0,08850380329","-3,255130336","3,445851487"
"7,616563542","-1,408965549","0,2102645227","-3,088897503","3,401570648"
"7,626517541","-1,81215665","0,2576107435","-2,748280819","3,30201794"
"7,636471542","-1,994629685","0,4927915311","-2,912270075","3,564085867"
"7,646424541","-1,72141561","1,022220619","-3,974282312","4,450070404"
"7,656378542","-1,345611844","1,408913655","-4,727988995","5,11366687"
"7,666332541","-0,7802603504","1,837260501","-4,708806034","5,114409705"
"7,676286542","-0,3413592073","2,233408338","-4,579803593","5,10678371"
"7,686239542","-0,02383054666","2,633169608","-4,576441444","5,279958937"
"7,696193542","0,08338991985","2,730001253","-4,23780872","5,041714339"
"7,706147542","-0,2072273692","2,624355808","-3,711860443","4,550614743"
"7,716100542","-0,5689780833","2,537999157","-3,363821889","4,252114001"
"7,726054542","-0,09220050439","2,389759522","-2,667962295","3,582942131"
"7,736008542","0,1644345946","2,001039549","-0,950990569","2,221616771"
"7,745962542","-0,1288485863","1,198033895","1,80445075","2,169776413"
"7,755915542","-1,51130381","1,086437227","4,670331355","5,027562035"
"7,765869542","-2,893568341","1,648444552","6,111143764","6,959611001"
"7,775823541","-2,541626769","1,306102208","6,216839789","6,842139035"
"7,785776833","-2,283834872","0,7471136543","6,126343017","6,580741546"
"7,795730833","-1,958890334","0,5095327308","7,134140455","7,415715406"
"7,805684833","-1,368149937","0,06319751076","8,599295992","8,707681651"
"7,815638833","-1,3926008","-1,009516593","9,306535437","9,464146162"
"7,825591833","-1,877396958","-1,62524587","9,225501798","9,553843567"
"7,835545833","-2,038370659","-1,743215054","8,116720022","8,548385671"
"7,845499833","-1,878338068","-1,207775137","6,562117288","6,931685075"
"7,855453833","-1,57084396","-0,8105875922","5,599466202","5,871850197"
"7,865406833","-1,189769514","-0,945432352","5,311951591","5,525054166"
"7,875360833","-0,8227316744","-1,098231061","4,646146102","4,844550802"
"7,885314833","-0,681409296","-1,111809319","3,016139429","3,285960384"
"7,895267833","-1,119954051","-1,413620225","1,24490905","2,191441936"
"7,905221833","-1,466108341","-1,483240829","-0,3281410646","2,111197192"
"7,915175833","-1,225232731","-1,044136714","-1,701552034","2,34236975"
"7,925129833","-0,7227002133","-0,3011641678","-2,791815094","2,899521852"
"7,935082833","-0,2997646002","0,2685945553","-4,021644759","4,041735818"
"7,945036833","0,1793476257","0,5170056186","-4,833190345","4,864071267"
"7,954990833","0,9022854553","0,5342296886","-4,889293209","5,000470827"
"7,964943833","1,836143536","0,5446898093","-4,674814416","5,051930314"
"7,974897833","2,265919149","0,2883651609","-3,827323072","4,457123058"
"7,984851833","2,06420892","-0,6282445841","-2,359455596","3,197292673"
"7,994805833","1,81410041","-0,991607814","-1,459115363","2,53046715"
"8,004758833","1,72986396","-0,7338704418","-1,91370656","2,682026834"
"8,014712833","1,688710233","-0,1628312332","-3,329038557","3,736409235"
"8,024666833","1,907115578","0,2836250424","-4,869661767","5,23747446"
"8,034620833","2,131215819","0,7165480654","-6,059332756","6,463051558"
"8,044573833","2,200983188","0,7685259388","-6,546966568","6,949656851"
"8,054527833","2,287979378","0,6002542551","-6,607448997","7,018086424"
"8,064481833","2,491386615","0,305052822","-7,298210403","7,717767784"
"8,074434833","2,577257947","-0,3948300941","-7,092103652","7,556195044"
"8,084388833","2,230467919","-1,006099846","-6,282443209","6,742129984"
"8,094342833","1,793733681","-1,661821081","-5,912222657","6,397929866"
"8,104296833","1,687071112","-1,911028827","-5,156493423","5,752187804"
"8,114249833","1,569883847","-1,9317211","-3,584667131","4,364163166"
"8,124203833","1,43676292","-2,583765021","-0,9935957211","3,118871884"
"8,134157833","0,6045481579","-3,07068635","1,984992304","3,706047434"
"8,144110833","-0,2242907871","-2,277358057","3,23788105","3,964913589"
"8,154064833","0,2587696251","-2,16810868","0,7896337295","2,321891124"
"8,164018833","-0,4054524384","-1,793403606","-2,000488011","2,71710148"
"8,173972833","-0,485632383","-0,998426106","-0,8887013501","1,422140496"
"8,183925833","-0,2077031864","-1,094214316","3,289457585","3,472891703"
"8,193879833","-0,9823094986","-2,182419156","7,722325326","8,084688848"
"8,203833833","-2,152794822","-2,88684989","9,773202302","10,41556101"
"8,213787833","-2,126313806","-1,851423334","8,702820945","9,14811845"
"8,223740833","-1,117195847","-0,2878900015","5,882121776","5,994194174"
"8,233694833","0,2443933683","0,2982057325","4,621978975","4,638032387"
"8,243648833","1,425976561","0,3773632915","6,334096343","6,503582758"
"8,253601833","2,340301872","0,5008382135","7,615042952","7,98227605"
"8,263555833","2,48692022","0,7803030351","6,769040895","7,2535205"
"8,273509833","1,91262307","0,7777645395","4,808122746","5,232694242"
"8,283463833","1,480082017","0,6420961263","3,452436442","3,810806686"
"8,293416833","1,129957614","0,4150765899","2,712601694","2,967709678"
"8,303370833","0,5236210853","-0,05101644494","2,281712186","2,341579001"
"8,313324833","-0,1327977775","-0,1618189888","1,454907122","1,469889577"
"8,323277833","-0,543006469","0,05375465948","-0,01231774449","0,5457997028"
"8,333231833","-0,05904077997","0,8860309267","-1,777437783","1,986912603"
"8,343185833","0,7041727258","2,243204032","-3,123914723","3,909816716"
"8,353139833","0,7505179033","3,003081135","-4,025780495","5,078255805"
"8,363092833","0,6041881887","3,079700125","-4,477194314","5,467619697"
"8,373046833","0,02345499096","2,920965177","-3,904998654","4,876638411"
"8,383000833","-0,5766091383","2,421277476","-2,78221572","3,733066705"
"8,392953833","-1,121490334","2,198492713","-1,929732023","3,132886283"
"8,402907833","-1,652747664","2,072087312","-2,117475008","3,39246534"
"8,412861833","-1,990842005","1,993648815","-3,108162909","4,195088099"
"8,422815833","-1,926902556","2,248631856","-3,804692593","4,82130526"
"8,432768833","-1,368055212","2,521045447","-4,124543476","5,02385351"
"8,442722833","-1,10033847","2,946612234","-4,519576102","5,506345118"
"8,452676833","-1,278095068","3,057470473","-4,976191605","5,978639944"
"8,462630833","-1,609768582","2,685167143","-4,961584675","5,866753784"
"8,472583833","-1,796369021","2,420537657","-4,241981294","5,203878314"
"8,482537833","-1,996449924","2,036198126","-3,398031024","4,436048911"
"8,492491833","-2,083444359","1,507126413","-2,991442544","3,944730526"
"8,502444833","-1,747531176","1,106648566","-2,199104478","3,019039046"
"8,512398833","-1,126340015","0,7780311725","-0,6982440877","1,536723508"
"8,522352833","-0,7225891162","0,3392991966","1,285738987","1,513401374"
"8,532306833","-1,257035006","0,1140235192","3,967825817","4,163745919"
"8,542259833","-1,58548685","-0,6696781734","6,634054413","6,853678965"
"8,552213833","-1,36544443","-1,695738294","7,747587637","8,047675505"
"8,562167833","-1,586607615","-1,943033562","8,248906272","8,621899897"
"8,572120833","-1,626512669","-1,662918603","9,178231153","9,468408992"
"8,582074833","-1,674762138","-2,048246314","10,86460498","11,18211888"
"8,592028833","-2,802955501","-3,235602974","12,24850644","12,97503743"
"8,601982833","-3,801042469","-4,041000797","11,34735228","12,63091505"
"8,611935833","-3,680338104","-3,111482958","8,19892018","9,510441991"
"8,621889833","-2,952151594","-1,938350819","5,619877662","6,637426299"
"8,631843833","-1,794256422","-0,8221755311","4,122333813","4,570444702"
"8,641796833","-0,162896448","0,2556553249","2,61514732","2,632658429"
"8,651750833","0,4524244008","0,6684731354","1,297895349","1,528422882"
"8,661704833","0,05631581303","0,4464306758","-0,7758804935","0,8969182568"
"8,671658833","-0,564050927","-0,08242366746","-2,613112489","2,674566131"
"8,681611833","-0,9631372093","-0,2282396311","-3,706700276","3,836580971"
"8,691565833","-1,290912896","-0,3225603358","-4,670058875","4,855919189"
"8,701519833","-1,415410935","-0,2441417187","-5,410222237","5,597633245"
"8,711472833","-0,9170095483","0,173100022","-5,285585911","5,367335331"
"8,721426833","-0,2371262477","0,8012512699","-5,145539249","5,21294606"
"8,731380833","0,8564625804","1,349429199","-5,380417224","5,612786903"
"8,741334833","1,630592418","1,366891616","-4,367090074","4,857849322"
"8,751287833","1,662986723","0,6021611052","-2,67130281","3,203744924"
"8,761241833","1,454476621","0,03575872041","-1,482494286","2,07715436"
"8,771195833","1,704906435","0,07095428087","-1,33688049","2,167715366"
"8,781148833","2,033184179","0,524223787","-2,492755741","3,259214578"
"8,791103208","2,103418156","0,8776883387","-4,049985629","4,647266761"
"8,801057208","1,958148614","1,070633445","-4,96780202","5,446068204"
"8,811011208","2,166528324","1,546613975","-5,442553246","6,058650477"
"8,820964208","2,362180983","1,743443095","-5,658381577","6,374698024"
"8,830918208","1,669321158","1,166805817","-5,895126568","6,237033445"
"8,840872208","1,021687207","0,5063386162","-6,364166234","6,465511225"
"8,850826208","0,8644031724","0,2513857611","-6,851935701","6,910818367"
"8,860779208","0,6008999339","0,04556362398","-7,348613402","7,373281203"
"8,870733208","0,07174687095","-0,507931617","-7,338321717","7,356229181"
"8,880687208","-0,4266935821","-1,370940228","-6,263676571","6,426133262"
"8,890640208","-0,425947587","-2,103609652","-4,471877441","4,96027144"
"8,900594208","0,1426884707","-2,434650936","-2,124642525","3,234500122"
"8,910548208","0,4083331788","-2,446091305","0,4221678007","2,51561609"
"8,920502208","0,05729098242","-1,245294089","1,943305165","2,308782058"
"8,930455208","0,8800626006","-0,7432163389","1,739440822","2,086273012"
"8,940409208","0,5223944491","-0,3026751249","2,338306802","2,41499211"
"8,950363208","-0,3825657785","-0,1562124592","4,180965598","4,201336959"
"8,960316208","-0,9926822399","-0,4500846009","6,080320752","6,177240049"
"8,970270208","-2,060797801","-0,4906970219","7,779937357","8,063193935"
"8,980224208","-1,728186686","0,03854294524","8,909931078","9,076066692"
"8,990178208","-0,5124389432","1,242332913","9,045442055","9,144725622"
"9,000131208","0,6840790616","1,519882552","8,479171379","8,641432428"
"9,010085208","1,440955373","0,8957041217","9,369748515","9,522122952"
"9,020039208","2,108549818","0,3845956394","10,62351259","10,83756965"
"9,029992208","2,943314405","-0,04178040236","9,443077862","9,891236768"
"9,039946208","3,476679875","-0,2555863278","5,787364138","6,756197968"
"9,049900208","3,640192291","-0,5060697904","2,780558619","4,608536946"
"9,059854208","3,494678189","-0,53299578","1,896539719","4,011698276"
"9,069807208","3,228438381","-0,3279798277","1,380174444","3,526367344"
"9,079761208","2,602050142","-0,1697926176","0,5066284919","2,65634465"
"9,089715208","1,368304742","-0,4612254471","-0,2247891891","1,461340809"
"9,099668208","0,07209184754","-0,5536406904","-1,866438838","1,948155328"
"9,109622208","-0,103604256","-0,1039979198","-3,662963687","3,665904033"
"9,119576208","0,4587336561","0,5928834012","-5,166178751","5,220282577"
"9,129530208","0,2997641616","0,869959489","-5,418478505","5,49605289"
"9,139483208","-0,4712318968","0,3097889205","-4,751163265","4,784514713"
"9,149437208","-0,823288914","0,02816479526","-3,79037744","3,878860532"
"9,159391208","-0,9683402811","-0,04191854283","-3,25330425","3,394617594"
"9,169344208","-1,549089102","-0,1755801551","-3,125794603","3,493006919"
"9,179298208","-2,035980902","-0,2020169519","-3,233817235","3,826696093"
"9,189252208","-2,045265696","0,1301236448","-3,752683364","4,275824641"
"9,199206208","-1,865225833","0,5035357168","-4,662710679","5,047126559"
"9,209159208","-1,382749119","0,7887851523","-5,076632736","5,320373773"
"9,219113208","-0,4067128788","1,408297797","-5,729886008","5,914415585"
"9,229067208","0,1452742556","1,698379481","-5,9232201","6,163613699"
"9,239020208","-0,3256140808","1,418736831","-5,418745138","5,610849989"
"9,248974208","-1,083116227","1,259576644","-5,554447904","5,79754824"
"9,258928208","-1,298381691","1,399408129","-6,873242955","7,13341481"
"9,268882208","-1,138466555","1,497570308","-7,304513116","7,542859855"
"9,278835208","-0,5766207596","1,465781482","-5,391908172","5,617266292"
"9,288789208","-0,2406059623","1,267961698","-1,761202989","2,183450037"
"9,298743208","-0,1368022614","1,085611088","1,621678483","1,956299414"
"9,308696208","-0,7430480853","1,100020966","3,408461872","3,657838011"
"9,318650208","-0,9369422679","1,461087044","3,797536771","4,175394794"
"9,328604208","-0,1742822559","2,058205584","4,696610497","5,130763558"
"9,338558208","-0,4117884447","1,444030424","6,322615335","6,498481227"
"9,348511208","-1,952549175","-0,1721258028","8,485964089","8,709400788"
"9,358465208","-3,099447342","-1,690196887","11,33016848","11,86743684"
"9,368419208","-3,869060205","-2,962316979","14,18564221","14,99924644"
"9,378372208","-3,953013065","-3,198882168","13,55036328","14,47313043"
"9,388326208","-2,81614185","-2,057117563","9,945575881","10,53930108"
"9,398280208","-1,810425143","-0,5430602999","7,328400747","7,56822378"
"9,408234208","-1,441207681","-0,1541222258","6,872715536","7,02389152"
"9,418187208","-1,067634847","-0,2424488036","7,086541196","7,170613064"
"9,428141208","-0,3528960926","0,1720218685","5,670059636","5,683634704"
"9,438095208","0,01818659484","0,8624381424","2,688660269","2,823654431"
"9,448048208","-0,1400669081","1,037337572","-0,01660667717","1,046882877"
"9,458002208","-0,5222246971","0,8905704857","-1,794587082","2,070356786"
"9,467956208","-1,02203687","0,5295552052","-2,808146952","3,034909782"
"9,477910208","-1,289628848","0,2529572734","-2,941212623","3,221468864"
"9,487863208","-1,244974977","0,1851385619","-3,311872886","3,542984758"
"9,497817208","-0,7326067854","0,2703534709","-4,174928348","4,247332152"
"9,507771208","-0,1026563675","0,2427588522","-4,635893009","4,643379608"
"9,517724208","0,5549890218","-0,03405074872","-4,976559395","5,007525904"
"9,527678208","1,373601004","-0,14782112","-5,093470963","5,277506727"
"9,537632208","2,05172146","-0,2070542917","-4,715052615","5,146275701"
"9,547586208","2,040623153","-0,4326639913","-4,369195656","4,841612506"
"9,557539208","1,628629653","-0,8417791986","-4,418078379","4,783350638"
"9,567493208","1,417726871","-0,7227146852","-4,92229431","5,173127417"
"9,577447208","1,547463868","-0,2105550928","-5,630361135","5,842939704"
"9,587400208","1,637761981","0,2642855228","-6,328625103","6,542446549"
"9,597354208","1,748223632","0,5741226098","-6,807875177","7,052167544"
"9,607308208","1,611433723","0,5502061091","-7,07229504","7,27439362"
"9,617262208","1,505408793","0,2919888997","-7,021590909","7,187089261"
"9,627215208","1,347628695","-0,2275462244","-6,773850814","6,910349864"
"9,637169208","1,119993447","-1,023446415","-6,25120446","6,432681018"
"9,647123208","1,039279286","-1,740240429","-5,397349007","5,765406706"
"9,657076208","1,019670941","-2,411077447","-4,350604434","5,077477939"
"9,667030208","1,011690588","-2,85897212","-2,764659455","4,103727736"
"9,676984208","1,168466792","-2,859059828","-0,4558348989","3,122070338"
"9,686938208","1,226527158","-2,031870456","1,956905204","3,076092391"
"9,696891208","1,389096564","-0,5040121552","2,476539658","2,883897743"
"9,706845208","1,617589233","-0,4302397357","0,8901520443","1,89580374"
"9,716799208","0,8415627786","-0,9562665117","0,9862609738","1,611019634"
"9,726752208","-0,1718433457","-1,207988707","4,049220813","4,229060894"
"9,736706208","-0,6070537629","-2,180377746","8,140091343","8,448884451"
"9,746660208","-1,838989376","-3,549149389","11,65585371","12,32222663"
"9,756613208","-2,776120582","-3,566181743","12,41398732","13,21104004"
"9,766567208","-2,399268849","-1,913099765","10,51075137","10,94953589"
"9,776521208","-1,069791885","-0,1865900601","8,768857645","8,835843758"
"9,786474542","0,02877977617","0,6173541449","8,039327445","8,063047822"
"9,796427542","0,81677687","0,777773091","7,115614137","7,20444446"
"9,806381542","0,844668381","0,7692574254","5,958877006","6,067407753"
"9,816335542","0,2763651395","0,2184435714","4,923531581","4,936117757"
"9,826288542","-0,5823855295","-0,4464897327","4,260916332","4,323648225"
"9,836242541","-0,8201290787","-0,7035585489","3,550613531","3,711396339"
"9,846196542","0,0448362669","-0,1948411392","2,699354242","2,70674836"
"9,856150541","1,65325491","0,9744998842","1,097489049","2,210742869"
"9,866103542","2,981284469","2,060634371","-0,7532084996","3,701566444"
"9,876057541","3,444856404","2,549467301","-2,532046106","4,977758195"
"9,886011542","3,229104964","2,613874089","-3,445098186","5,397050873"
"9,895964541","2,729172703","2,650634657","-3,526107266","5,187261337"
"9,905918542","2,15318337","2,548996015","-3,221145149","4,637817954"
"9,915872541","1,243228268","2,160567818","-2,936774002","3,852052876"
"9,925826542","0,4429960214","1,589734852","-2,740956012","3,199428423"
"9,935779541","-0,06632611832","1,393775067","-2,468258246","2,835367148"
"9,945733542","-0,209456675","1,59964252","-3,098523189","3,493361454"
"9,955687542","0,0224897253","2,100997701","-4,784104723","5,22516556"
"9,965640542","-0,0532695964","2,404708368","-6,069554858","6,528779071"
"9,975594542","-0,541827853","2,366190565","-6,922144974","7,335429521"
"9,985548542","-0,8436386132","2,264088386","-7,459427494","7,840974484"
"9,995502542","-1,136739946","2,43888739","-7,639235222","8,099275535"
"10,00545554","-1,233086711","2,780227959","-8,054965823","8,610031635"
"10,01540954","-1,638784659","2,929783948","-8,507365483","9,145737619"
"10,02536354","-1,89324686","2,790783645","-8,511901168","9,155616775"
"10,03531654","-1,910700214","2,50145786","-8,127891712","8,716116705"
"10,04527054","-1,99052494","1,878546082","-6,767547516","7,300056458"
"10,05522454","-2,162628962","0,7134848553","-4,245363323","4,817585953"
"10,06517754","-2,187279069","-0,6181212996","-1,530652539","2,740284814"
"10,07513154","-2,248941174","-1,976551702","1,601931852","3,395685305"
"10,08508554","-2,906364387","-2,483339092","4,822004036","6,153507124"
"10,09503954","-3,536059812","-2,015263778","5,884094626","7,154549368"
"10,10499254","-2,599648106","-1,278439762","6,185437902","6,83024308"
"10,11494654","-1,49203548","-0,8541045445","6,993006211","7,201236027"
"10,12490054","-1,086133683","-1,038495174","8,553236305","8,684239166"
"10,13485354","-0,5370264119","-1,682033736","10,40892562","10,5576213"
"10,14480754","-0,1427430325","-2,537672882","11,34474676","11,62598117"
"10,15476154","-0,5463005345","-2,786368997","10,44076722","10,81997766"
"10,16471554","-0,8733613991","-2,242960496","8,502795884","8,83692083"
"10,17466854","-1,188182287","-1,399963907","6,892921759","7,133305438"
"10,18462254","-1,117468839","-0,7931030287","5,731396928","5,892933036"
"10,19457654","-0,4466424547","-0,6818981963","5,033978468","5,099550357"
"10,20452954","0,1247929393","-0,6309310873","4,403401283","4,45012249"
"10,21448354","0,3013216041","-0,5771098792","2,773450744","2,848838281"
"10,22443754","0,27093092","-0,5521567402","0,6705464119","0,9098973127"
"10,23439154","0,1545718036","-0,4237451602","-1,312618638","1,387955364"
"10,24434454","0,1657654574","-0,1171459689","-2,899948822","2,907043952"
"10,25429854","0,2378218288","0,309691272","-3,773516409","3,793664982"
"10,26425254","0,1794224518","0,5739474126","-4,183012124","4,226014491"
"10,27420554","-0,0511463993","0,8251649201","-4,768772154","4,839907123"
"10,28415954","-0,03861000549","0,8325063917","-4,883634274","4,954234688"
"10,29411354","0,3379335794","0,8035112187","-4,348872489","4,435371609"
"10,30406654","0,7002271709","0,8199134626","-4,090607405","4,23032447"
"10,31402054","1,058294724","0,7524759165","-3,987305816","4,193425258"
"10,32397454","1,301417565","0,7229748132","-3,471685476","3,777430383"
"10,33392854","1,48572458","0,6676651233","-2,779428352","3,221548728"
"10,34388154","1,268800481","0,3877046771","-2,367798404","2,714155275"
"10,35383554","0,8474995297","0,243810474","-2,155138679","2,328587925"
"10,36378954","0,7783408557","0,2853753882","-2,059339651","2,219939954"
"10,37374254","0,6727106126","0,4891945799","-2,765267565","2,88765573"
"10,38369654","0,3725545413","0,6371421459","-4,068797291","4,135197504"
"10,39365054","0,1407952519","0,6971638877","-5,476605676","5,522596357"
"10,40360454","0,2868559945","0,7483836696","-6,584216255","6,632817514"
"10,41355754","0,8000862852","0,6422760013","-6,568062737","6,647714242"
"10,42351154","0,8067222172","-0,02668055266","-5,804983553","5,860831565"
"10,43346554","0,4140440812","-0,9963445703","-4,496871949","4,624499143"
"10,44341854","-0,1029899694","-2,10349607","-2,707236289","3,429931628"
"10,45337254","-0,491502549","-3,002174524","-1,302317013","3,309177576"
"10,46332654","-0,2763888024","-3,109412459","0,07296506524","3,122524702"
"10,47328054","0,2863166072","-2,492192362","2,062240455","3,247435244"
"10,48323354","0,916119529","-1,497386852","3,937183483","4,310783705"
"10,49318754","1,988911839","-1,479358132","4,367820976","5,022163962"
"10,50314154","1,257204136","-2,595903549","2,691681526","3,945177678"
"10,51309454","0,1842894731","-2,926742519","1,157718294","3,152791783"
"10,52304854","-0,5000837765","-2,211533904","2,061626498","3,064517875"
"10,53300254","-0,7287073503","-2,610233612","5,299669515","5,95238027"
"10,54295554","-1,01721204","-3,089390716","8,076880018","8,707183595"
"10,55290954","-0,8731107728","-2,648540184","9,228844652","9,640988597"
"10,56286354","0,01380154856","-1,585618412","8,999358979","9,137988743"
"10,57281754","0,6113169313","-1,497218744","8,34093326","8,496266239"
"10,58277054","0,8402416733","-1,985338313","8,539438046","8,80735922"
"10,59272454","1,268355215","-2,089591391","8,897282966","9,2269584"
"10,60267854","1,740367021","-1,78530682","7,94577141","8,327753665"
"10,61263154","1,7272045","-1,278708003","5,69381278","6,085871632"
"10,62258554","1,436028509","-0,8732480362","3,247558776","3,656689489"
"10,63253954","1,147982826","-0,6256247391","1,277420738","1,827860669"
"10,64249254","1,035865316","-0,3963193799","-0,1871927619","1,124778705"
"10,65244654","0,8170943738","-0,2956433364","-1,279645019","1,546783622"
"10,66240054","0,5679606678","0,00902912423","-2,210716463","2,282526698"
"10,67235454","0,4967188501","0,5008740277","-3,363721316","3,436891837"
"10,68230754","0,8368904878","1,161733138","-4,530714464","4,751566386"
"10,69226154","1,51174352","1,961499508","-5,066826956","5,639643977"
"10,70221554","1,158153327","2,077508851","-4,588162188","5,168035837"
"10,71216854","0,6274332098","1,754748833","-3,875946178","4,300671422"
"10,72212254","0,5060519564","1,893893854","-3,434193714","3,954315235"
"10,73207654","0,3820539644","2,272624151","-3,721196108","4,376995115"
"10,74203054","-0,3668738251","1,985708004","-4,256561326","4,711257475"
"10,75198354","-0,9394469959","1,679620882","-4,687002937","5,066723151"
"10,76193754","-1,087555433","1,707175155","-5,00275609","5,396739046"
"10,77189154","-1,370007305","1,720286805","-5,482052942","5,906708996"
"10,78184454","-1,618897548","1,657370473","-6,041017522","6,470054007"
"10,79179879","-1,64049073","1,720510754","-6,623265131","7,036974355"
"10,80175279","-1,450302001","1,857272596","-6,82768379","7,222887464"
"10,81170579","-1,441611723","2,205045834","-6,626624356","7,131102428"
"10,82165979","-1,752451754","2,157099835","-6,856225803","7,398107806"
"10,83161379","-2,375058306","1,564473126","-7,182318588","7,72490637"
"10,84156779","-3,021622071","0,7476513058","-6,387709463","7,105773329"
"10,85152079","-3,205529575","0,1301835787","-4,104612656","5,209626923"
"10,86147479","-3,092504066","-0,4573757865","-1,681362768","3,549613326"
"10,87142879","-3,26497997","-0,8604068928","1,282351695","3,611761357"
"10,88138179","-3,897505447","-0,6420571692","4,689658742","6,131532046"
"10,89133579","-3,751911532","-0,2440250668","6,496252497","7,505843382"
"10,90128979","-3,320322112","-0,7152223554","6,767528805","7,57202272"
"10,91124279","-3,981584023","-1,06768886","6,575127343","7,760494212"
"10,92119679","-4,153017954","-1,124317098","7,488179423","8,636230551"
"10,93115079","-3,172475557","-1,790351505","10,86534056","11,45973757"
"10,94110479","-1,658987666","-2,771558585","14,15238325","14,51632628"
"10,95105779","-0,6202303172","-2,957686568","14,79599797","15,1014619"
"10,96101179","-0,0223126643","-2,337873231","13,72338707","13,92111712"
"10,97096579","-0,04600847375","-1,25698472","11,95752326","12,02349741"
"10,98091879","-0,004660113245","-0,2744931534","10,06580984","10,06955291"
"10,99087279","0,5703214811","0,3846332078","8,535195891","8,562872076"
"11,00082679","0,809581798","0,5967000251","6,703502378","6,778526222"
"11,01077979","0,3708323901","0,5839511946","4,056133391","4,114697285"
"11,02073379","-0,3085686431","0,3334139375","1,427085485","1,497648972"
"11,03068779","-0,5353348855","0,008796697408","-0,4423605752","0,6945096832"
"11,04064179","-0,5663893747","-0,2110932559","-1,678508742","1,784026032"
"11,05059479","-0,6784138405","-0,2761258422","-2,796109289","2,890452901"
"11,06054879","-0,7347982487","-0,4195260286","-3,673813781","3,76999181"
"11,07050279","-0,677135493","-0,4978505056","-4,064762127","4,150741952"
"11,08045579","-0,4885831804","-0,4525205509","-4,432031005","4,481783931"
"11,09040979","-0,02110187039","-0,4201529232","-4,829645178","4,847932169"
"11,10036379","0,6977042435","-0,3300501806","-5,091543136","5,14971221"
"11,11031679","1,244634523","-0,4715572578","-5,397784624","5,559456825"
"11,12027079","1,345509226","-0,9164912657","-5,5653974","5,798620485"
"11,13022479","1,39896798","-1,275671105","-5,646125228","5,955096831"
"11,14017879","1,631745488","-1,318643024","-5,769136028","6,13875747"
"11,15013179","2,125338929","-1,330209401","-5,707271317","6,233736319"
"11,16008579","2,328119637","-1,463037968","-5,771782477","6,393285079"
"11,17003979","2,388824406","-1,297428448","-5,809432114","6,413992837"
"11,17999279","2,170237066","-1,124521019","-5,711063821","6,212143464"
"11,18994679","1,484755112","-1,166089606","-5,75940743","6,060943545"
"11,19990079","1,472833077","-0,8131314965","-6,461827015","6,677247073"
"11,20985379","2,37644205","-0,2621732162","-7,064596011","7,458198738"
"11,21980779","3,094832135","-0,178399719","-7,024481773","7,678095895"
"11,22976179","2,742569844","-1,011307084","-6,579358973","7,199471915"
"11,23971579","1,62163653","-2,704319113","-4,018861485","5,108257485"
"11,24966879","0,3073741666","-4,222294888","-0,38321365","4,25077707"
"11,25962279","-0,7577841651","-5,254961119","2,789641099","5,997578734"
"11,26957679","-1,753596639","-5,291680464","4,420779793","7,114792849"
"11,27952979","-1,375676912","-3,602970962","2,742266958","4,732220915"
"11,28948379","1,155149831","-2,440744758","-0,1582636625","2,704931328"
"11,29943779","3,809696933","-1,687266117","-0,6590893775","4,218418717"
"11,30939079","4,738592628","-1,26646101","2,154289078","5,357158297"
"11,31934479","2,68796562","-2,752265112","5,472172902","6,689155304"
"11,32929879","-0,2720538412","-4,811186103","7,373404427","8,808440148"
"11,33925279","-2,536148513","-5,673376762","9,06170667","10,98789247"
"11,34920579","-3,036161757","-5,308448524","9,580748216","11,36611809"
"11,35915979","-1,617470827","-4,663886554","9,751158299","10,92946192"
"11,36911379","0,9639297994","-3,34068621","9,702208918","10,30641562"
"11,37906679","2,80954239","-2,293464067","9,430266613","10,10363471"
"11,38902079","2,959962012","-2,023134131","8,291971015","9,03389341"
"11,39897479","2,498343633","-1,60679118","6,168812513","6,846732551"
"11,40892779","2,348722447","-0,7849384153","3,691552479","4,44524298"
"11,41888179","2,356342246","-0,01809654772","1,234344885","2,660128486"
"11,42883579","2,233469149","0,5363240151","-0,4415191609","2,339009846"
"11,43878879","2,057683281","0,7422095945","-1,456267185","2,627860286"
"11,44874279","2,238341049","0,770746492","-2,394144788","3,366919968"
"11,45869679","2,561823929","0,7719323073","-3,087553228","4,085560704"
"11,46865079","2,570523124","0,5259300046","-3,951507992","4,743269644"
"11,47860379","2,16110927","0,2529404627","-4,586553619","5,07649941"
"11,48855779","2,504239088","0,2199109302","-4,337673901","5,013480737"
"11,49851179","3,092396185","0,403084316","-3,735786665","4,86636344"
"11,50846479","2,964583652","0,178328383","-3,061363549","4,265267169"
"11,51841879","2,206101841","-0,7048864516","-2,683925779","3,545025787"
"11,52837279","1,099847231","-1,182518309","-2,945172942","3,358877363"
"11,53832579","0,4194773871","-0,5767273251","-3,927964763","3,99217771"
"11,54827979","-0,5736970787","0,03626830526","-5,398942958","5,429459346"
"11,55823379","-1,193393326","0,4708359307","-6,658295799","6,780765227"
"11,56818779","-1,841313206","1,299768066","-7,462195566","7,795139127"
"11,57814079","-2,404313242","1,69428029","-8,180599099","8,693302565"
"11,58809479","-3,837766491","1,520385413","-9,034515948","9,932899972"
"11,59804879","-5,954231393","0,8687847103","-9,733138935","11,44297391"
"11,60800179","-7,448877363","0,2108296195","-10,11558251","12,56404523"
"11,61795579","-8,789766703","-0,3296399984","-9,53309984","12,97106988"
"11,62790979","-9,6200111","-0,6213575873","-8,456449683","12,82350342"
"11,63786279","-9,918965203","-0,7076028487","-7,582340645","12,50513743"
"11,64781679","-10,01992323","-0,9374265636","-6,496168882","11,97822358"
"11,65777079","-9,765193956","-1,615702629","-4,628786303","10,92680972"
"11,66772379","-9,115998652","-2,304573192","-2,267321019","9,672292056"
"11,67767779","-8,780182532","-2,725160344","-0,3498049986","9,20002542"
"11,68763179","-9,108925275","-2,507530193","1,085803388","9,509952489"
"11,69758579","-8,59867151","-1,743634884","2,268129104","9,062109245"
"11,70753879","-7,493401571","-0,5622556856","2,176348284","7,823278751"
"11,71749279","-6,233894947","-0,6313282594","2,248214657","6,656913003"
"11,72744679","-5,426194491","-1,700838528","5,199565768","7,705317808"
"11,73739979","-3,614451093","-3,352556643","11,60218563","12,60613359"
"11,74735379","-2,468343323","-5,295724983","18,91644547","19,79821535"
"11,75730779","-3,33639874","-7,249724706","23,52524775","24,84204795"
"11,76726079","-4,056369034","-8,277652354","24,55364668","26,22699418"
"11,77721479","-3,479161141","-7,411143526","23,03704266","24,44861847"
"11,78716821","-1,849608358","-5,676533673","20,37453406","21,23124405"
"11,79712221","-0,2744004019","-3,98943888","17,06381951","17,52611921"
"11,80707521","0,6418012805","-2,493558564","13,60178603","13,84334954"
"11,81702921","0,1691334171","-1,602630301","9,923131928","10,05313768"
"11,82698321","-0,6484898373","-1,660625325","6,054322277","6,311341677"
"11,83693621","-0,9333472536","-1,589626094","2,836815265","3,383130069"
"11,84689021","-1,339749134","-1,205085418","0,42451078","1,85131521"
"11,85684421","-1,291913939","-1,376133725","-1,526130302","2,427315257"
"11,86679721","-0,9620562784","-1,462592995","-3,241485858","3,684014267"
"11,87675121","-0,6235945858","-1,261238861","-5,105127388","5,295462144"
"11,88670521","-0,6306700091","-0,9339675701","-6,902543938","6,993936866"
"11,89665821","-0,9254924695","-0,7594696981","-7,834414111","7,925362768"
"11,90661221","-1,186092492","-0,8077732542","-7,737850268","7,869792869"
"11,91656621","-1,188019735","-0,9740940875","-6,673280459","6,847840701"
"11,92652021","-1,771329782","-1,610306818","-5,711738005","6,193112972"
"11,93647321","-1,66145753","-2,274925031","-4,846407391","5,60565693"
"11,94642721","-1,593589629","-2,406259926","-3,649019247","4,652414019"
"11,95638121","-1,674328275","-2,79133913","-2,791974723","4,288364743"
"11,96633421","-1,970190078","-3,099022249","-2,577408805","4,486493508"
"11,97628821","-1,995938","-2,974492343","-2,889606852","4,602303875"
"11,98624221","-1,414269997","-2,671815318","-3,312905504","4,484874535"
"11,99619521","-0,4794215436","-2,185715231","-3,483911419","4,140632181"
"12,00614921","-0,08132694907","-1,505807135","-3,442035999","3,757882518"
"12,01610321","-0,4096078353","-1,160868773","-3,28447985","3,507592162"
"12,02605721","-0,7472521602","-1,500965348","-3,257097924","3,663327674"
"12,03601021","-1,133182792","-2,00555053","-2,999679517","3,782117578"
"12,04596421","-1,445249569","-2,292650573","-2,402268909","3,621586514"
"12,05591821","-1,233612229","-2,6843383","-1,915043818","3,520634043"
"12,06587121","-0,8621321869","-3,086595747","-1,579909483","3,573018218"
"12,07582521","-0,9149964982","-3,465483042","-1,47983848","3,877720107"
"12,08577921","-0,9535819088","-3,923232904","-1,543835086","4,322557304"
"12,09573221","-0,9808365119","-4,282888414","-1,556065707","4,661170874"
"12,10568621","-1,817478639","-4,319387904","-1,482026508","4,91495097"
"12,11564021","-2,350986781","-4,137720176","-0,9516846335","4,853202112"
"12,12559321","-2,60716207","-4,385610545","-1,205509926","5,242530695"
"12,13554721","-2,918608749","-4,561414977","-1,621826418","5,652884622"
"12,14550121","-2,393566937","-4,429545354","-0,4817363101","5,057875502"
"12,15545521","-1,6047008","-3,870585159","1,94948918","4,621363673"
"12,16540821","-1,602785253","-3,468815078","4,910087078","6,221780591"
"12,17536221","-2,686755831","-3,646908695","7,591396227","8,840129898"
"12,18531621","-3,470750506","-4,004643687","9,507676731","10,88481497"
"12,19526921","-3,652754156","-4,33097153","10,15563827","11,62914081"
"12,20522321","-3,247478085","-4,344280086","9,885302782","11,27555296"
"12,21517721","-2,486408004","-4,044659108","9,585107315","10,69653095"
"12,22513021","-1,707628168","-3,817020863","8,922917159","9,854140899"
"12,23508421","-1,439786369","-3,48902247","7,930958658","8,783300509"
"12,24503821","-1,493509417","-3,336873826","6,454198737","7,417680139"
"12,25499121","-1,058679178","-3,218782581","5,205760308","6,211384974"
"12,26494521","-0,4069559037","-2,724000256","3,285301384","4,287073091"
"12,27489921","0,1837474728","-2,63445161","0,9931016314","2,821409093"
"12,28485321","0,8068931021","-2,647835302","-1,168095347","3,004422574"
"12,29480621","0,8908307599","-2,529416614","-3,099252922","4,098401703"
"12,30476021","1,26621338","-2,386488736","-3,994423631","4,822244805"
"12,31471421","1,653035347","-1,982759545","-3,696824913","4,50892179"
"12,32466721","1,348732065","-1,754845312","-2,575331874","3,395717084"
"12,33462121","0,1514178886","-2,023381906","-1,161290942","2,337861923"
"12,34457521","-0,7797202139","-2,349667065","-0,01184002697","2,475689624"
"12,35452821","-1,402319896","-2,8654713","0,6322483188","3,25225534"
"12,36448221","-1,227132491","-3,793739296","-0,1524415898","3,990181755"
"12,37443621","-0,8546391262","-3,565281564","-0,8241761559","3,757779531"
"12,38438921","-0,6892564787","-2,741247496","-1,272310857","3,099723736"
"12,39434321","-0,4113246143","-1,8810598","-1,374521356","2,365773207"
"12,40429721","-0,1066966291","-0,9107155323","-0,4598893583","1,025809521"
"12,41425021","0,1397810523","-0,1534427793","0,6622544754","0,6940204747"
"12,42420421","0,6759550133","0,3255060169","1,620814265","1,786031419"
"12,43415821","0,2732713046","0,3195861496","2,037213787","2,080156852"
"12,44411221","-1,298058047","-0,01815063447","1,443185209","1,941151124"
"12,45406521","-2,261686935","-0,5238992666","0,3743603808","2,351562018"
"12,46401921","-2,623942702","-0,9360285674","-0,2698139191","2,798932713"
"12,47397321","-2,951158737","-1,020779281","-1,181653871","3,338807287"
"12,48392621","-2,957782463","-0,8000239393","-1,993722197","3,65560441"
"12,49388021","-2,438916918","-0,3428023732","-2,139355874","3,262310953"
"12,50383421","-2,075205633","0,1885269503","-1,596752388","2,625193139"
"12,51378721","-1,535712427","0,5548462401","-1,095979298","1,966580186"
"12,52374121","-0,7135215466","0,8280379495","-0,976432389","1,465667102"
"12,53369521","-0,750504747","1,012906443","-1,051987771","1,641924209"
"12,54364821","-0,2582653758","1,142833183","-0,9895055938","1,533587301"
"12,55360221","0,1007700375","1,0596485","-1,211797437","1,612905011"
"12,56355621","0,1051032628","0,7482376353","-1,594803511","1,764739214"
"12,57351021","-0,03440910995","0,7581368253","-2,159788969","2,289245252"
"12,58346321","-0,3623259339","1,252665674","-3,022765494","3,292045353"
"12,59341721","-0,5247762027","1,70867979","-3,633539329","4,049393132"
"12,60337121","0,04632690489","1,557914304","-3,466477361","3,800751038"
"12,61332421","0,6700233784","1,101239161","-2,622512473","2,92219621"
"12,62327821","0,5695340073","0,7296287253","-0,6906093782","1,154845607"
"12,63323221","-0,5586438605","0,4092048159","2,287686287","2,390196663"
"12,64318521","-2,038054325","0,004045396149","5,050071759","5,44581551"
"12,65313921","-2,539714145","-0,8388842422","5,940080547","6,514478614"
"12,66309321","-2,495127079","-1,684067105","4,680638827","5,565080501"
"12,67304621","-2,261571452","-1,954369851","3,194654338","4,37493809"
"12,68300021","-1,705585151","-1,679927861","3,064631558","3,88884879"
"12,69295421","-0,9122195823","-1,209908494","4,081455343","4,353653736"
"12,70290721","0,1111260411","-1,150934062","5,342815534","5,466504921"
"12,71286121","0,4696597633","-1,259699874","6,497247693","6,634881434"
"12,72281521","-0,009364462048","-1,418954347","6,878445223","7,023284689"
"12,73276921","-0,4626938291","-2,179230669","6,422071795","6,797509694"
"12,74272221","-0,729544964","-3,058671491","5,53583914","6,366570672"
"12,75267621","-1,173920782","-3,383165063","4,103558403","5,446382966"
"12,76263021","-1,742565428","-2,584362899","2,668741145","4,103369976"
"12,77258321","-0,9121761668","-1,552982178","0,8663392586","1,998590182"
"12,78253721","0,1139267112","-1,218667331","-0,4317531413","1,297898353"
"12,79249179","0,2199257675","-0,978366648","-1,163112935","1,535708416"
"12,80244479","-0,01728232294","-1,450270865","-1,282332399","1,935965042"
"12,81239879","-0,6011653975","-2,349356285","-0,980376336","2,615724097"
"12,82235279","-1,412848685","-3,001553842","-0,6290276724","3,376557816"
"12,83230579","-1,624647992","-3,181230885","-0,5715840411","3,617515634"
"12,84225979","-1,244107104","-3,014799832","-0,6709574711","3,32971537"
"12,85221379","-0,7996771994","-2,747829706","-1,965284264","3,471655795"
"12,86216679","-1,13307228","-2,628401204","-5,442300062","6,149062989"
"12,87212079","-1,645791524","-2,411118962","-4,481053476","5,348080464"
"12,88207479","-1,059472499","-1,954985856","-1,500434128","2,682490306"
"12,89202779","-0,8716011679","-1,330797924","1,199025364","1,992077692"
"12,90198179","-0,9366227907","-1,175038624","2,423745732","2,851757597"
"12,91193579","-1,081871136","-1,948194022","2,319600974","3,216590397"
"12,92188979","-1,150928507","-2,561285108","1,274166763","3,083556189"